Store,Date,Sales,Promo,Open,StateHoliday,SchoolHoliday,DayOfWeek,is_state_holiday,day,month,year,week_of_year,is_november,is_december,lag_1,lag_7,lag_14,lag_30,MA7,MA14,MA30
1,2013-01-31,4709,0,1,0,0,4,0,31,1,2013,5,0,0,4601.0,5195.0,4044.0,0.0,4039.142857142857,4247.857142857143,4281.033333333334
1,2013-02-01,5633,0,1,0,0,5,0,1,2,2013,5,0,0,4709.0,5586.0,4127.0,5530.0,4045.857142857143,4355.428571428572,4284.466666666666
1,2013-02-02,5970,0,1,0,0,6,0,2,2,2013,5,0,0,5633.0,5598.0,5182.0,4327.0,4099.0,4411.714285714285,4339.233333333334
1,2013-02-03,0,0,0,0,0,7,0,3,2,2013,5,0,0,5970.0,0.0,0.0,4486.0,4099.0,4411.714285714285,4189.7
1,2013-02-04,7032,1,1,0,0,1,0,4,2,2013,6,0,0,0.0,4055.0,5394.0,4997.0,4524.285714285715,4528.714285714285,4257.533333333334
1,2013-02-05,6049,1,1,0,0,2,0,5,2,2013,6,0,0,7032.0,3725.0,5720.0,0.0,4856.285714285715,4552.214285714285,4459.166666666667
1,2013-02-06,6140,1,1,0,0,3,0,6,2,2013,6,0,0,6049.0,4601.0,5578.0,7176.0,5076.142857142857,4592.357142857143,4424.633333333333
1,2013-02-07,5499,1,1,0,0,4,0,7,2,2013,6,0,0,6140.0,4709.0,5195.0,5580.0,5189.0,4614.071428571428,4421.933333333333
1,2013-02-08,5681,1,1,0,0,5,0,8,2,2013,6,0,0,5499.0,5633.0,5586.0,5471.0,5195.857142857143,4620.857142857143,4428.933333333333
1,2013-02-09,5370,0,1,0,0,6,0,9,2,2013,6,0,0,5681.0,5970.0,5598.0,4892.0,5110.142857142857,4604.571428571428,4444.866666666667
1,2013-02-10,0,0,0,0,0,7,0,10,2,2013,6,0,0,5370.0,0.0,0.0,4881.0,5110.142857142857,4604.571428571428,4282.166666666667
1,2013-02-11,4409,0,1,0,0,1,0,11,2,2013,7,0,0,0.0,7032.0,4055.0,4952.0,4735.428571428572,4629.857142857143,4264.066666666667
1,2013-02-12,4015,0,1,0,0,2,0,12,2,2013,7,0,0,4409.0,6049.0,3725.0,0.0,4444.857142857143,4650.571428571428,4397.9
1,2013-02-13,4252,0,1,0,0,3,0,13,2,2013,7,0,0,4015.0,6140.0,4601.0,4717.0,4175.142857142857,4625.642857142857,4382.4
1,2013-02-14,4241,0,1,0,0,4,0,14,2,2013,7,0,0,4252.0,5499.0,4709.0,3900.0,3995.428571428572,4592.214285714285,4393.766666666666
1,2013-02-15,4809,0,1,0,0,5,0,15,2,2013,7,0,0,4241.0,5681.0,5633.0,4008.0,3870.857142857143,4533.357142857143,4420.466666666666
1,2013-02-16,6154,0,1,0,0,6,0,16,2,2013,7,0,0,4809.0,5370.0,5970.0,4044.0,3982.857142857143,4546.5,4490.8
1,2013-02-17,0,0,0,0,0,7,0,17,2,2013,7,0,0,6154.0,0.0,0.0,4127.0,3982.857142857143,4546.5,4353.233333333334
1,2013-02-18,6407,1,1,0,0,1,0,18,2,2013,8,0,0,0.0,4409.0,7032.0,5182.0,4268.285714285715,4501.857142857143,4394.066666666667
1,2013-02-19,5386,1,1,0,0,2,0,19,2,2013,8,0,0,6407.0,4015.0,6049.0,0.0,4464.142857142857,4454.5,4573.6
1,2013-02-20,5660,1,1,0,0,3,0,20,2,2013,8,0,0,5386.0,4252.0,6140.0,5394.0,4665.285714285715,4420.214285714285,4582.466666666666
1,2013-02-21,5261,1,1,0,0,4,0,21,2,2013,8,0,0,5660.0,4241.0,5499.0,5720.0,4811.0,4403.214285714285,4567.166666666667
1,2013-02-22,5000,1,1,0,0,5,0,22,2,2013,8,0,0,5261.0,4809.0,5681.0,5578.0,4838.285714285715,4354.571428571428,4547.9
1,2013-02-23,5237,0,1,0,0,6,0,23,2,2013,8,0,0,5000.0,6154.0,5370.0,5195.0,4707.285714285715,4345.071428571428,4549.3
1,2013-02-24,0,0,0,0,0,7,0,24,2,2013,8,0,0,5237.0,0.0,0.0,5586.0,4707.285714285715,4345.071428571428,4363.1
1,2013-02-25,4038,0,1,0,0,1,0,25,2,2013,9,0,0,0.0,6407.0,4409.0,5598.0,4368.857142857143,4318.571428571428,4311.1
1,2013-02-26,3794,0,1,0,0,2,0,26,2,2013,9,0,0,4038.0,5386.0,4015.0,0.0,4141.428571428572,4302.785714285715,4437.566666666667
1,2013-02-27,4558,0,1,0,0,3,0,27,2,2013,9,0,0,3794.0,5660.0,4252.0,4055.0,3984.0,4324.642857142857,4454.333333333333
1,2013-02-28,4676,0,1,0,0,4,0,28,2,2013,9,0,0,4558.0,5261.0,4241.0,3725.0,3900.428571428572,4355.714285714285,4486.033333333334
1,2013-03-01,4611,0,1,0,0,5,0,1,3,2013,9,0,0,4676.0,5000.0,4809.0,4601.0,3844.857142857143,4341.571428571428,4486.366666666667
1,2013-03-02,5350,0,1,0,0,6,0,2,3,2013,9,0,0,4611.0,5237.0,6154.0,4709.0,3861.0,4284.142857142857,4507.733333333334
1,2013-03-03,0,0,0,0,0,7,0,3,3,2013,9,0,0,5350.0,0.0,0.0,5633.0,3861.0,4284.142857142857,4319.966666666666
1,2013-03-04,7675,1,1,0,0,1,0,4,3,2013,10,0,0,0.0,4038.0,6407.0,5970.0,4380.571428571428,4374.714285714285,4376.8
1,2013-03-05,6300,1,1,0,0,2,0,5,3,2013,10,0,0,7675.0,3794.0,5386.0,0.0,4738.571428571428,4440.0,4586.8
1,2013-03-06,5973,1,1,0,0,3,0,6,3,2013,10,0,0,6300.0,4558.0,5660.0,7032.0,4940.714285714285,4462.357142857143,4551.5
1,2013-03-07,5637,1,1,0,0,4,0,7,3,2013,10,0,0,5973.0,4676.0,5261.0,6049.0,5078.0,4489.214285714285,4537.766666666666
1,2013-03-08,5853,1,1,0,0,5,0,8,3,2013,10,0,0,5637.0,4611.0,5000.0,6140.0,5255.428571428572,4550.142857142857,4528.2
1,2013-03-09,5578,0,1,0,0,6,0,9,3,2013,10,0,0,5853.0,5350.0,5237.0,5499.0,5288.0,4574.5,4530.833333333333
1,2013-03-10,0,0,0,0,0,7,0,10,3,2013,10,0,0,5578.0,0.0,0.0,5681.0,5288.0,4574.5,4341.466666666666
1,2013-03-11,4949,0,1,0,0,1,0,11,3,2013,11,0,0,0.0,7675.0,4038.0,5370.0,4898.571428571428,4639.571428571428,4327.433333333333
1,2013-03-12,3853,0,1,0,0,2,0,12,3,2013,11,0,0,4949.0,6300.0,3794.0,0.0,4549.0,4643.785714285715,4455.866666666667
1,2013-03-13,4341,0,1,0,0,3,0,13,3,2013,11,0,0,3853.0,5973.0,4558.0,4409.0,4315.857142857143,4628.285714285715,4453.6
1,2013-03-14,5108,0,1,0,0,4,0,14,3,2013,11,0,0,4341.0,5637.0,4676.0,4015.0,4240.285714285715,4659.142857142857,4490.033333333334
1,2013-03-15,4925,0,1,0,0,5,0,15,3,2013,11,0,0,5108.0,5853.0,4611.0,4252.0,4107.714285714285,4681.571428571428,4512.466666666666
1,2013-03-16,5003,0,1,0,0,6,0,16,3,2013,11,0,0,4925.0,5578.0,5350.0,4241.0,4025.571428571429,4656.785714285715,4537.866666666667
1,2013-03-17,0,0,0,0,0,7,0,17,3,2013,11,0,0,5003.0,0.0,0.0,4809.0,4025.571428571429,4656.785714285715,4377.566666666667
1,2013-03-18,7072,1,1,0,0,1,0,18,3,2013,12,0,0,0.0,4949.0,7675.0,6154.0,4328.857142857143,4613.714285714285,4408.166666666667
1,2013-03-19,6563,1,1,0,0,2,0,19,3,2013,12,0,0,7072.0,3853.0,6300.0,0.0,4716.0,4632.5,4626.933333333333
1,2013-03-20,5598,1,1,0,0,3,0,20,3,2013,12,0,0,6563.0,4341.0,5973.0,6407.0,4895.571428571428,4605.714285714285,4599.966666666666
1,2013-03-21,5179,1,1,0,0,4,0,21,3,2013,12,0,0,5598.0,5108.0,5637.0,5386.0,4905.714285714285,4573.0,4593.066666666667
1,2013-03-22,5506,1,1,0,0,5,0,22,3,2013,12,0,0,5179.0,4925.0,5853.0,5660.0,4988.714285714285,4548.214285714285,4587.933333333333
1,2013-03-23,5603,0,1,0,0,6,0,23,3,2013,12,0,0,5506.0,5003.0,5578.0,5261.0,5074.428571428572,4550.0,4599.333333333333
1,2013-03-24,0,0,0,0,0,7,0,24,3,2013,12,0,0,5603.0,0.0,0.0,5000.0,5074.428571428572,4550.0,4432.666666666667
1,2013-03-25,6729,1,1,0,1,1,0,25,3,2013,13,0,0,0.0,7072.0,4949.0,5237.0,5025.428571428572,4677.142857142857,4482.4
1,2013-03-26,6686,1,1,0,1,2,0,26,3,2013,13,0,0,6729.0,6563.0,3853.0,0.0,5043.0,4879.5,4705.266666666666
1,2013-03-27,6660,1,1,0,1,3,0,27,3,2013,13,0,0,6686.0,5598.0,4341.0,4038.0,5194.714285714285,5045.142857142857,4792.666666666667
1,2013-03-28,7285,1,1,0,1,4,0,28,3,2013,13,0,0,6660.0,5179.0,5108.0,3794.0,5495.571428571428,5200.642857142857,4909.033333333334
1,2013-03-29,0,1,0,b,1,5,1,29,3,2013,13,0,0,7285.0,5506.0,4925.0,4558.0,4709.0,4848.857142857143,4757.1
1,2013-03-30,7132,0,1,0,0,6,0,30,3,2013,13,0,0,0.0,5603.0,5003.0,4676.0,4927.428571428572,5000.928571428572,4838.966666666666
1,2013-03-31,0,0,0,0,0,7,0,31,3,2013,13,0,0,7132.0,0.0,0.0,4611.0,4927.428571428572,5000.928571428572,4685.266666666666
1,2013-04-01,0,0,0,b,1,1,1,1,4,2013,14,0,0,0.0,6729.0,7072.0,5350.0,3966.142857142857,4495.785714285715,4506.933333333333
1,2013-04-02,5484,0,1,0,1,2,0,2,4,2013,14,0,0,0.0,6686.0,6563.0,0.0,3794.428571428572,4418.714285714285,4689.733333333334
1,2013-04-03,4625,0,1,0,1,3,0,3,4,2013,14,0,0,5484.0,6660.0,5598.0,7675.0,3503.714285714286,4349.214285714285,4588.066666666667
1,2013-04-04,4293,0,1,0,1,4,0,4,4,2013,14,0,0,4625.0,7285.0,5179.0,6300.0,3076.285714285714,4285.928571428572,4521.166666666667
1,2013-04-05,4390,0,1,0,1,5,0,5,4,2013,14,0,0,4293.0,0.0,5506.0,5973.0,3703.428571428572,4206.214285714285,4468.4
1,2013-04-06,5075,0,1,0,0,6,0,6,4,2013,14,0,0,4390.0,7132.0,5603.0,5637.0,3409.5714285714284,4168.5,4449.666666666667
1,2013-04-07,0,0,0,0,0,7,0,7,4,2013,14,0,0,5075.0,0.0,0.0,5853.0,3409.5714285714284,4168.5,4254.566666666667
1,2013-04-08,6046,1,1,0,0,1,0,8,4,2013,15,0,0,0.0,0.0,6729.0,5578.0,4273.285714285715,4119.714285714285,4270.166666666667
1,2013-04-09,5514,1,1,0,0,2,0,9,4,2013,15,0,0,6046.0,5484.0,6686.0,0.0,4277.571428571428,4036.0,4453.966666666666
1,2013-04-10,4903,1,1,0,0,3,0,10,4,2013,15,0,0,5514.0,4625.0,6660.0,4949.0,4317.285714285715,3910.5,4452.433333333333
1,2013-04-11,4366,1,1,0,0,4,0,11,4,2013,15,0,0,4903.0,4293.0,7285.0,3853.0,4327.714285714285,3702.0,4469.533333333334
1,2013-04-12,5263,1,1,0,0,5,0,12,4,2013,15,0,0,4366.0,4390.0,0.0,4341.0,4452.428571428572,4077.928571428572,4500.266666666666
1,2013-04-13,4773,0,1,0,0,6,0,13,4,2013,15,0,0,5263.0,5075.0,7132.0,5108.0,4409.285714285715,3909.428571428572,4489.1
1,2013-04-14,0,0,0,0,0,7,0,14,4,2013,15,0,0,4773.0,0.0,0.0,4925.0,4409.285714285715,3909.428571428572,4324.933333333333
1,2013-04-15,3941,0,1,0,0,1,0,15,4,2013,16,0,0,0.0,6046.0,0.0,5003.0,4108.571428571428,4190.928571428572,4289.533333333334
1,2013-04-16,3357,0,1,0,0,2,0,16,4,2013,16,0,0,3941.0,5514.0,5484.0,0.0,3800.428571428572,4039.0,4401.433333333333
1,2013-04-17,3649,0,1,0,0,3,0,17,4,2013,16,0,0,3357.0,4903.0,4625.0,7072.0,3621.285714285714,3969.285714285714,4287.333333333333
1,2013-04-18,2952,0,1,0,0,4,0,18,4,2013,16,0,0,3649.0,4366.0,4293.0,6563.0,3419.285714285714,3873.5,4166.966666666666
1,2013-04-19,4303,0,1,0,0,5,0,19,4,2013,16,0,0,2952.0,5263.0,4390.0,5598.0,3282.1428571428573,3867.285714285714,4123.8
1,2013-04-20,4350,0,1,0,0,6,0,20,4,2013,16,0,0,4303.0,4773.0,5075.0,5179.0,3221.714285714286,3815.5,4096.166666666667
1,2013-04-21,0,0,0,0,0,7,0,21,4,2013,16,0,0,4350.0,0.0,0.0,5506.0,3221.714285714286,3815.5,3912.633333333333
1,2013-04-22,5672,1,1,0,0,1,0,22,4,2013,17,0,0,0.0,3941.0,6046.0,5603.0,3469.0,3788.785714285714,3914.933333333333
1,2013-04-23,4492,1,1,0,0,2,0,23,4,2013,17,0,0,5672.0,3357.0,5514.0,0.0,3631.142857142857,3715.785714285714,4064.6666666666665
1,2013-04-24,4309,1,1,0,0,3,0,24,4,2013,17,0,0,4492.0,3649.0,4903.0,6729.0,3725.428571428572,3673.357142857143,3984.0
1,2013-04-25,3939,1,1,0,0,4,0,25,4,2013,17,0,0,4309.0,2952.0,4366.0,6686.0,3866.428571428572,3642.857142857143,3892.433333333333
1,2013-04-26,4841,1,1,0,0,5,0,26,4,2013,17,0,0,3939.0,4303.0,5263.0,6660.0,3943.285714285714,3612.714285714286,3831.8
1,2013-04-27,5726,0,1,0,0,6,0,27,4,2013,17,0,0,4841.0,4350.0,4773.0,7285.0,4139.857142857143,3680.785714285714,3779.8333333333335
1,2013-04-28,0,0,0,0,0,7,0,28,4,2013,17,0,0,5726.0,0.0,0.0,0.0,4139.857142857143,3680.785714285714,3779.8333333333335
1,2013-04-29,5821,1,1,0,0,1,0,29,4,2013,18,0,0,0.0,5672.0,3941.0,7132.0,4161.142857142857,3815.071428571429,3736.133333333333
1,2013-04-30,5925,1,1,0,0,2,0,30,4,2013,18,0,0,5821.0,4492.0,3357.0,0.0,4365.857142857143,3998.5,3933.633333333333
1,2013-05-01,0,1,0,a,0,3,1,1,5,2013,18,0,0,5925.0,4309.0,3649.0,0.0,3750.285714285714,3737.857142857143,3933.633333333333
1,2013-05-02,6486,1,1,0,0,4,0,2,5,2013,18,0,0,0.0,3939.0,2952.0,5484.0,4114.142857142857,3990.285714285714,3967.033333333333
1,2013-05-03,6027,1,1,0,0,5,0,3,5,2013,18,0,0,6486.0,4841.0,4303.0,4625.0,4283.571428571428,4113.428571428572,4013.766666666667
1,2013-05-04,5912,0,1,0,0,6,0,4,5,2013,18,0,0,6027.0,5726.0,4350.0,4293.0,4310.142857142857,4225.0,4067.733333333333
1,2013-05-05,0,0,0,0,0,7,0,5,5,2013,18,0,0,5912.0,0.0,0.0,4390.0,4310.142857142857,4225.0,3921.4
1,2013-05-06,4568,0,1,0,0,1,0,6,5,2013,19,0,0,0.0,5821.0,5672.0,5075.0,4131.142857142857,4146.142857142857,3904.5
1,2013-05-07,4624,0,1,0,0,2,0,7,5,2013,19,0,0,4568.0,5925.0,4492.0,0.0,3945.285714285714,4155.571428571428,4058.633333333333
1,2013-05-08,5230,0,1,0,0,3,0,8,5,2013,19,0,0,4624.0,0.0,4309.0,6046.0,4692.428571428572,4221.357142857143,4031.433333333333
1,2013-05-09,0,0,0,a,0,4,1,9,5,2013,19,0,0,5230.0,6486.0,3939.0,5514.0,3765.857142857143,3940.0,3847.633333333333
1,2013-05-10,5409,0,1,0,0,5,0,10,5,2013,19,0,0,0.0,6027.0,4841.0,4903.0,3677.571428571429,3980.571428571429,3864.5
1,2013-05-11,5064,0,1,0,0,6,0,11,5,2013,19,0,0,5409.0,5912.0,5726.0,4366.0,3556.428571428572,3933.285714285714,3887.766666666667
1,2013-05-12,0,0,0,0,0,7,0,12,5,2013,19,0,0,5064.0,0.0,0.0,5263.0,3556.428571428572,3933.285714285714,3712.3333333333335
1,2013-05-13,6106,1,1,0,0,1,0,13,5,2013,20,0,0,0.0,4568.0,5821.0,4773.0,3776.142857142857,3953.642857142857,3756.766666666667
1,2013-05-14,5083,1,1,0,0,2,0,14,5,2013,20,0,0,6106.0,4624.0,5925.0,0.0,3841.714285714286,3893.5,3926.2
1,2013-05-15,4790,1,1,0,0,3,0,15,5,2013,20,0,0,5083.0,5230.0,0.0,3941.0,3778.857142857143,4235.642857142857,3954.5
1,2013-05-16,4448,1,1,0,0,4,0,16,5,2013,20,0,0,4790.0,0.0,6486.0,3357.0,4414.285714285715,4090.071428571429,3990.866666666667
1,2013-05-17,4856,1,1,0,0,5,0,17,5,2013,20,0,0,4448.0,5409.0,6027.0,3649.0,4335.285714285715,4006.428571428572,4031.1
1,2013-05-18,4413,0,1,0,0,6,0,18,5,2013,20,0,0,4856.0,5064.0,5912.0,2952.0,4242.285714285715,3899.357142857143,4079.8
1,2013-05-19,0,0,0,0,0,7,0,19,5,2013,20,0,0,4413.0,0.0,0.0,4303.0,4242.285714285715,3899.357142857143,3936.366666666667
1,2013-05-20,0,0,0,a,0,1,1,20,5,2013,21,0,0,0.0,6106.0,4568.0,4350.0,3370.0,3573.0714285714284,3791.366666666667
1,2013-05-21,4789,0,1,0,0,2,0,21,5,2013,21,0,0,0.0,5083.0,4624.0,0.0,3328.0,3584.8571428571427,3951.0
1,2013-05-22,3559,0,1,0,0,3,0,22,5,2013,21,0,0,4789.0,4790.0,5230.0,5672.0,3152.1428571428573,3465.5,3880.5666666666666
1,2013-05-23,4030,0,1,0,0,4,0,23,5,2013,21,0,0,3559.0,4448.0,0.0,4492.0,3092.428571428572,3753.357142857143,3865.1666666666665
1,2013-05-24,4232,0,1,0,0,5,0,24,5,2013,21,0,0,4030.0,4856.0,5409.0,4309.0,3003.285714285714,3669.285714285714,3862.6
1,2013-05-25,4408,0,1,0,0,6,0,25,5,2013,21,0,0,4232.0,4413.0,5064.0,3939.0,3002.5714285714284,3622.428571428572,3878.233333333333
1,2013-05-26,0,0,0,0,0,7,0,26,5,2013,21,0,0,4408.0,0.0,0.0,4841.0,3002.5714285714284,3622.428571428572,3716.866666666667
1,2013-05-27,5519,1,1,0,0,1,0,27,5,2013,22,0,0,0.0,0.0,6106.0,5726.0,3791.0,3580.5,3709.9666666666662
1,2013-05-28,4995,1,1,0,0,2,0,28,5,2013,22,0,0,5519.0,4789.0,5083.0,0.0,3820.428571428572,3574.214285714286,3876.4666666666662
1,2013-05-29,5784,1,1,0,0,3,0,29,5,2013,22,0,0,4995.0,3559.0,4790.0,5821.0,4138.285714285715,3645.214285714286,3875.233333333333
1,2013-05-30,0,1,0,a,0,4,1,30,5,2013,22,0,0,5784.0,4030.0,4448.0,5925.0,3562.5714285714284,3327.5,3677.733333333333
1,2013-05-31,7893,1,1,0,0,5,0,31,5,2013,22,0,0,0.0,4232.0,4856.0,0.0,4085.571428571429,3544.428571428572,3940.8333333333335
1,2013-06-01,5693,0,1,0,0,6,0,1,6,2013,22,0,0,7893.0,4408.0,4413.0,6486.0,4269.142857142857,3635.857142857143,3914.4
1,2013-06-02,0,0,0,0,0,7,0,2,6,2013,22,0,0,5693.0,0.0,0.0,6027.0,4269.142857142857,3635.857142857143,3713.5
1,2013-06-03,5422,1,1,0,0,1,0,3,6,2013,23,0,0,0.0,5519.0,0.0,5912.0,4255.285714285715,4023.142857142857,3697.1666666666665
1,2013-06-04,5220,1,1,0,0,2,0,4,6,2013,23,0,0,5422.0,4995.0,4789.0,0.0,4287.428571428572,4053.928571428572,3871.1666666666665
1,2013-06-05,5012,1,1,0,0,3,0,5,6,2013,23,0,0,5220.0,5784.0,3559.0,4568.0,4177.142857142857,4157.714285714285,3885.9666666666662
1,2013-06-06,4881,1,1,0,0,4,0,6,6,2013,23,0,0,5012.0,0.0,4030.0,4624.0,4874.428571428572,4218.5,3894.533333333333
1,2013-06-07,4315,1,1,0,0,5,0,7,6,2013,23,0,0,4881.0,7893.0,4232.0,5230.0,4363.285714285715,4224.428571428572,3864.033333333333
1,2013-06-08,4262,0,1,0,0,6,0,8,6,2013,23,0,0,4315.0,5693.0,4408.0,0.0,4158.857142857143,4214.0,4006.1
1,2013-06-09,0,0,0,0,0,7,0,9,6,2013,23,0,0,4262.0,0.0,0.0,5409.0,4158.857142857143,4214.0,3825.8
1,2013-06-10,4291,0,1,0,0,1,0,10,6,2013,24,0,0,0.0,5422.0,5519.0,5064.0,3997.285714285714,4126.285714285715,3800.033333333333
1,2013-06-11,3784,0,1,0,0,2,0,11,6,2013,24,0,0,4291.0,5220.0,4995.0,0.0,3792.142857142857,4039.785714285714,3926.1666666666665
1,2013-06-12,3563,0,1,0,0,3,0,12,6,2013,24,0,0,3784.0,5012.0,5784.0,6106.0,3585.1428571428573,3881.142857142857,3841.4
1,2013-06-13,3661,0,1,0,0,4,0,13,6,2013,24,0,0,3563.0,4881.0,0.0,5083.0,3410.8571428571427,4142.642857142857,3794.0
1,2013-06-14,4150,0,1,0,0,5,0,14,6,2013,24,0,0,3661.0,4315.0,7893.0,4790.0,3387.285714285714,3875.285714285714,3772.6666666666665
1,2013-06-15,4766,0,1,0,0,6,0,15,6,2013,24,0,0,4150.0,4262.0,5693.0,4448.0,3459.285714285714,3809.071428571429,3783.266666666667
1,2013-06-16,0,0,0,0,0,7,0,16,6,2013,24,0,0,4766.0,0.0,0.0,4856.0,3459.285714285714,3809.071428571429,3621.4
1,2013-06-17,5337,1,1,0,0,1,0,17,6,2013,25,0,0,0.0,4291.0,5422.0,4413.0,3608.714285714286,3803.0,3652.2
1,2013-06-18,4633,1,1,0,0,2,0,18,6,2013,25,0,0,5337.0,3784.0,5220.0,0.0,3730.0,3761.071428571429,3806.633333333333
1,2013-06-19,4180,1,1,0,0,3,0,19,6,2013,25,0,0,4633.0,3563.0,5012.0,0.0,3818.142857142857,3701.642857142857,3945.9666666666662
1,2013-06-20,5011,1,1,0,0,4,0,20,6,2013,25,0,0,4180.0,3661.0,4881.0,4789.0,4011.0,3710.928571428572,3953.366666666667
1,2013-06-21,5173,1,1,0,0,5,0,21,6,2013,25,0,0,5011.0,4150.0,4315.0,3559.0,4157.142857142857,3772.214285714286,4007.1666666666665
1,2013-06-22,4341,0,1,0,0,6,0,22,6,2013,25,0,0,5173.0,4766.0,4262.0,4030.0,4096.428571428572,3777.857142857143,4017.533333333333
1,2013-06-23,0,0,0,0,0,7,0,23,6,2013,25,0,0,4341.0,0.0,0.0,4232.0,4096.428571428572,3777.857142857143,3876.4666666666662
1,2013-06-24,3549,0,1,0,0,1,0,24,6,2013,26,0,0,0.0,5337.0,4291.0,4408.0,3841.0,3724.857142857143,3847.8333333333335
1,2013-06-25,4536,0,1,0,0,2,0,25,6,2013,26,0,0,3549.0,4633.0,3784.0,0.0,3827.142857142857,3778.571428571429,3999.033333333333
1,2013-06-26,3827,0,1,0,0,3,0,26,6,2013,26,0,0,4536.0,4180.0,3563.0,5519.0,3776.714285714286,3797.428571428572,3942.633333333333
1,2013-06-27,3593,0,1,0,0,4,0,27,6,2013,26,0,0,3827.0,5011.0,3661.0,4995.0,3574.1428571428573,3792.571428571429,3895.9
1,2013-06-28,4407,0,1,0,0,5,0,28,6,2013,26,0,0,3593.0,5173.0,4150.0,5784.0,3464.714285714286,3810.928571428572,3850.0
1,2013-06-29,5804,0,1,0,0,6,0,29,6,2013,26,0,0,4407.0,4341.0,4766.0,0.0,3673.714285714286,3885.071428571429,4043.4666666666662
1,2013-06-30,0,0,0,0,0,7,0,30,6,2013,26,0,0,5804.0,0.0,0.0,7893.0,3673.714285714286,3885.071428571429,3780.366666666667
1,2013-07-01,5614,1,1,0,0,1,0,1,7,2013,27,0,0,0.0,3549.0,5337.0,5693.0,3968.714285714286,3904.857142857143,3777.733333333333
1,2013-07-02,5868,1,1,0,0,2,0,2,7,2013,27,0,0,5614.0,4536.0,4633.0,0.0,4159.0,3993.071428571429,3973.3333333333335
1,2013-07-03,5875,1,1,0,0,3,0,3,7,2013,27,0,0,5868.0,3827.0,4180.0,5422.0,4451.571428571428,4114.142857142857,3988.433333333333
1,2013-07-04,5701,1,1,0,0,4,0,4,7,2013,27,0,0,5875.0,3593.0,5011.0,5220.0,4752.714285714285,4163.428571428572,4004.4666666666662
1,2013-07-05,4986,1,1,0,0,5,0,5,7,2013,27,0,0,5701.0,4407.0,5173.0,5012.0,4835.428571428572,4150.071428571428,4003.6
1,2013-07-06,4090,0,1,0,1,6,0,6,7,2013,27,0,0,4986.0,5804.0,4341.0,4881.0,4590.571428571428,4132.142857142857,3977.233333333333
1,2013-07-07,0,0,0,0,1,7,0,7,7,2013,27,0,0,4090.0,0.0,0.0,4315.0,4590.571428571428,4132.142857142857,3833.4
1,2013-07-08,4475,0,1,0,1,1,0,8,7,2013,28,0,0,0.0,5614.0,3549.0,4262.0,4427.857142857143,4198.285714285715,3840.5
1,2013-07-09,4047,0,1,0,1,2,0,9,7,2013,28,0,0,4475.0,5868.0,4536.0,0.0,4167.714285714285,4163.357142857143,3975.4
1,2013-07-10,3963,0,1,0,1,3,0,10,7,2013,28,0,0,4047.0,5875.0,3827.0,4291.0,3894.571428571429,4173.071428571428,3964.4666666666662
1,2013-07-11,4053,0,1,0,1,4,0,11,7,2013,28,0,0,3963.0,5701.0,3593.0,3784.0,3659.142857142857,4205.928571428572,3973.433333333333
1,2013-07-12,4134,0,1,0,1,5,0,12,7,2013,28,0,0,4053.0,4986.0,4407.0,3563.0,3537.428571428572,4186.428571428572,3992.4666666666662
1,2013-07-13,4015,0,1,0,1,6,0,13,7,2013,28,0,0,4134.0,4090.0,5804.0,3661.0,3526.714285714286,4058.642857142857,4004.266666666667
1,2013-07-14,0,0,0,0,1,7,0,14,7,2013,28,0,0,4015.0,0.0,0.0,4150.0,3526.714285714286,4058.642857142857,3865.933333333333
1,2013-07-15,6377,1,1,0,1,1,0,15,7,2013,29,0,0,0.0,4475.0,5614.0,4766.0,3798.428571428572,4113.142857142857,3919.633333333333
1,2013-07-16,5643,1,1,0,1,2,0,16,7,2013,29,0,0,6377.0,4047.0,5868.0,0.0,4026.428571428572,4097.071428571428,4107.733333333334
1,2013-07-17,4946,1,1,0,1,3,0,17,7,2013,29,0,0,5643.0,3963.0,5875.0,5337.0,4166.857142857143,4030.714285714286,4094.7
1,2013-07-18,4904,1,1,0,1,4,0,18,7,2013,29,0,0,4946.0,4053.0,5701.0,4633.0,4288.428571428572,3973.785714285714,4103.733333333334
1,2013-07-19,4275,1,1,0,1,5,0,19,7,2013,29,0,0,4904.0,4134.0,4986.0,4180.0,4308.571428571428,3923.0,4106.9
1,2013-07-20,4421,0,1,0,1,6,0,20,7,2013,29,0,0,4275.0,4015.0,4090.0,5011.0,4366.571428571428,3946.642857142857,4087.233333333333
1,2013-07-21,0,0,0,0,1,7,0,21,7,2013,29,0,0,4421.0,0.0,0.0,5173.0,4366.571428571428,3946.642857142857,3914.8
1,2013-07-22,4149,0,1,0,1,1,0,22,7,2013,30,0,0,0.0,6377.0,4475.0,4341.0,4048.285714285714,3923.357142857143,3908.4
1,2013-07-23,3937,0,1,0,1,2,0,23,7,2013,30,0,0,4149.0,5643.0,4047.0,0.0,3804.571428571429,3915.5,4039.633333333333
1,2013-07-24,3849,0,1,0,1,3,0,24,7,2013,30,0,0,3937.0,4946.0,3963.0,3549.0,3647.857142857143,3907.357142857143,4049.633333333333
1,2013-07-25,3502,0,1,0,1,4,0,25,7,2013,30,0,0,3849.0,4904.0,4053.0,4536.0,3447.5714285714284,3868.0,4015.1666666666665
1,2013-07-26,4221,0,1,0,1,5,0,26,7,2013,30,0,0,3502.0,4275.0,4134.0,3827.0,3439.8571428571427,3874.214285714286,4028.3
1,2013-07-27,3352,0,1,0,1,6,0,27,7,2013,30,0,0,4221.0,4421.0,4015.0,3593.0,3287.1428571428573,3826.857142857143,4020.266666666667
1,2013-07-28,0,0,0,0,1,7,0,28,7,2013,30,0,0,3352.0,0.0,0.0,4407.0,3287.1428571428573,3826.857142857143,3873.366666666667
1,2013-07-29,6290,1,1,0,1,1,0,29,7,2013,31,0,0,0.0,4149.0,6377.0,5804.0,3593.0,3820.642857142857,3889.5666666666666
1,2013-07-30,5773,1,1,0,1,2,0,30,7,2013,31,0,0,6290.0,3937.0,5643.0,0.0,3855.285714285714,3829.928571428572,4082.0
1,2013-07-31,5572,1,1,0,1,3,0,31,7,2013,31,0,0,5773.0,3849.0,4946.0,5614.0,4101.428571428572,3874.642857142857,4080.6
1,2013-08-01,4994,1,1,0,1,4,0,1,8,2013,31,0,0,5572.0,3502.0,4904.0,5868.0,4314.571428571428,3881.071428571429,4051.4666666666662
1,2013-08-02,4494,1,1,0,1,5,0,2,8,2013,31,0,0,4994.0,4221.0,4275.0,5875.0,4353.571428571428,3896.714285714286,4005.433333333333
1,2013-08-03,4461,0,1,0,1,6,0,3,8,2013,31,0,0,4494.0,3352.0,4421.0,5701.0,4512.0,3899.571428571429,3964.1
1,2013-08-04,0,0,0,0,1,7,0,4,8,2013,31,0,0,4461.0,0.0,0.0,4986.0,4512.0,3899.571428571429,3797.9
1,2013-08-05,4086,0,1,0,1,1,0,5,8,2013,32,0,0,0.0,6290.0,4149.0,4090.0,4197.142857142857,3895.071428571429,3797.766666666667
1,2013-08-06,3582,0,1,0,1,2,0,6,8,2013,32,0,0,4086.0,5773.0,3937.0,0.0,3884.142857142857,3869.714285714286,3917.1666666666665
1,2013-08-07,4143,0,1,0,1,3,0,7,8,2013,32,0,0,3582.0,5572.0,3849.0,4475.0,3680.0,3890.714285714286,3906.1
1,2013-08-08,3680,0,1,0,1,4,0,8,8,2013,32,0,0,4143.0,4994.0,3502.0,4047.0,3492.285714285714,3903.428571428572,3893.866666666667
1,2013-08-09,3257,0,1,0,1,5,0,9,8,2013,32,0,0,3680.0,4494.0,4221.0,3963.0,3315.5714285714284,3834.571428571429,3870.3333333333335
1,2013-08-10,3768,0,1,0,1,6,0,10,8,2013,32,0,0,3257.0,4461.0,3352.0,4053.0,3216.5714285714284,3864.285714285714,3860.8333333333335
1,2013-08-11,0,0,0,0,1,7,0,11,8,2013,32,0,0,3768.0,0.0,0.0,4134.0,3216.5714285714284,3864.285714285714,3723.033333333333
1,2013-08-12,5326,1,1,0,1,1,0,12,8,2013,33,0,0,0.0,4086.0,6290.0,4015.0,3393.714285714286,3795.428571428572,3766.733333333333
1,2013-08-13,5299,1,1,0,1,2,0,13,8,2013,33,0,0,5326.0,3582.0,5773.0,0.0,3639.0,3761.571428571429,3943.366666666667
1,2013-08-14,4724,1,1,0,1,3,0,14,8,2013,33,0,0,5299.0,4143.0,5572.0,6377.0,3722.0,3701.0,3888.266666666667
1,2013-08-15,4575,1,1,0,1,4,0,15,8,2013,33,0,0,4724.0,3680.0,4994.0,5643.0,3849.857142857143,3671.071428571429,3852.6666666666665
1,2013-08-16,4552,1,1,0,1,5,0,16,8,2013,33,0,0,4575.0,3257.0,4494.0,4946.0,4034.857142857143,3675.214285714286,3839.533333333333
1,2013-08-17,4078,0,1,0,0,6,0,17,8,2013,33,0,0,4552.0,3768.0,4461.0,4904.0,4079.142857142857,3647.857142857143,3812.0
1,2013-08-18,0,0,0,0,0,7,0,18,8,2013,33,0,0,4078.0,0.0,0.0,4275.0,4079.142857142857,3647.857142857143,3669.5
1,2013-08-19,3954,0,1,0,0,1,0,19,8,2013,34,0,0,0.0,5326.0,4086.0,4421.0,3883.142857142857,3638.428571428572,3653.933333333333
1,2013-08-20,3492,0,1,0,0,2,0,20,8,2013,34,0,0,3954.0,5299.0,3582.0,0.0,3625.0,3632.0,3770.3333333333335
1,2013-08-21,3096,0,1,0,0,3,0,21,8,2013,34,0,0,3492.0,4724.0,4143.0,4149.0,3392.428571428572,3557.214285714286,3735.233333333333
1,2013-08-22,3703,0,1,0,0,4,0,22,8,2013,34,0,0,3096.0,4575.0,3680.0,3937.0,3267.8571428571427,3558.8571428571427,3727.433333333333
1,2013-08-23,3493,0,1,0,0,5,0,23,8,2013,34,0,0,3703.0,4552.0,3257.0,3849.0,3116.5714285714284,3575.714285714286,3715.5666666666666
1,2013-08-24,4752,0,1,0,0,6,0,24,8,2013,34,0,0,3493.0,4078.0,3768.0,3502.0,3212.8571428571427,3646.0,3757.233333333333
1,2013-08-25,0,0,0,0,0,7,0,25,8,2013,34,0,0,4752.0,0.0,0.0,4221.0,3212.8571428571427,3646.0,3616.533333333333
1,2013-08-26,5482,1,1,0,0,1,0,26,8,2013,35,0,0,0.0,3954.0,5326.0,3352.0,3431.1428571428573,3657.142857142857,3687.533333333333
1,2013-08-27,5156,1,1,0,0,2,0,27,8,2013,35,0,0,5482.0,3492.0,5299.0,0.0,3668.857142857143,3646.928571428572,3859.4
1,2013-08-28,4583,1,1,0,0,3,0,28,8,2013,35,0,0,5156.0,3096.0,4724.0,6290.0,3881.285714285714,3636.857142857143,3802.5
1,2013-08-29,4804,1,1,0,0,4,0,29,8,2013,35,0,0,4583.0,3703.0,4575.0,5773.0,4038.571428571429,3653.214285714286,3770.2
1,2013-08-30,5469,1,1,0,0,5,0,30,8,2013,35,0,0,4804.0,3493.0,4552.0,5572.0,4320.857142857143,3718.714285714286,3766.766666666667
1,2013-08-31,5317,0,1,0,0,6,0,31,8,2013,35,0,0,5469.0,4752.0,4078.0,4994.0,4401.571428571428,3807.214285714286,3777.533333333333
1,2013-09-01,0,0,0,0,0,7,0,1,9,2013,35,0,0,5317.0,0.0,0.0,4494.0,4401.571428571428,3807.214285714286,3627.733333333333
1,2013-09-02,4195,0,1,0,0,1,0,2,9,2013,36,0,0,0.0,5482.0,3954.0,4461.0,4217.714285714285,3824.428571428572,3618.866666666667
1,2013-09-03,3928,0,1,0,0,2,0,3,9,2013,36,0,0,4195.0,5156.0,3492.0,0.0,4042.285714285714,3855.571428571429,3749.8
1,2013-09-04,3343,0,1,0,0,3,0,4,9,2013,36,0,0,3928.0,4583.0,3096.0,4086.0,3865.142857142857,3873.214285714286,3725.033333333333
1,2013-09-05,3883,0,1,0,0,4,0,5,9,2013,36,0,0,3343.0,4804.0,3703.0,3582.0,3733.571428571429,3886.071428571429,3735.0666666666666
1,2013-09-06,3836,0,1,0,0,5,0,6,9,2013,36,0,0,3883.0,5469.0,3493.0,4143.0,3500.285714285714,3910.571428571429,3724.8333333333335
1,2013-09-07,4663,0,1,0,0,6,0,7,9,2013,36,0,0,3836.0,5317.0,4752.0,3680.0,3406.8571428571427,3904.214285714286,3757.6
1,2013-09-08,0,0,0,0,0,7,0,8,9,2013,36,0,0,4663.0,0.0,0.0,3257.0,3406.8571428571427,3904.214285714286,3649.033333333333
1,2013-09-09,5893,1,1,0,0,1,0,9,9,2013,37,0,0,0.0,4195.0,5482.0,3768.0,3649.428571428572,3933.571428571429,3719.866666666667
1,2013-09-10,5403,1,1,0,0,2,0,10,9,2013,37,0,0,5893.0,3928.0,5156.0,0.0,3860.142857142857,3951.214285714286,3899.9666666666662
1,2013-09-11,5103,1,1,0,0,3,0,11,9,2013,37,0,0,5403.0,3343.0,4583.0,5326.0,4111.571428571428,3988.357142857143,3892.533333333333
1,2013-09-12,5079,1,1,0,0,4,0,12,9,2013,37,0,0,5103.0,3883.0,4804.0,5299.0,4282.428571428572,4008.0,3885.2
1,2013-09-13,5187,1,1,0,0,5,0,13,9,2013,37,0,0,5079.0,3836.0,5469.0,4724.0,4475.428571428572,3987.857142857143,3900.633333333333
1,2013-09-14,4663,0,1,0,0,6,0,14,9,2013,37,0,0,5187.0,4663.0,5317.0,4575.0,4475.428571428572,3941.142857142857,3903.5666666666666
1,2013-09-15,0,0,0,0,0,7,0,15,9,2013,37,0,0,4663.0,0.0,0.0,4552.0,4475.428571428572,3941.142857142857,3751.8333333333335
1,2013-09-16,4249,0,1,0,0,1,0,16,9,2013,38,0,0,0.0,5893.0,4195.0,4078.0,4240.571428571428,3945.0,3757.533333333333
1,2013-09-17,3685,0,1,0,0,2,0,17,9,2013,38,0,0,4249.0,5403.0,3928.0,0.0,3995.142857142857,3927.642857142857,3880.366666666667
1,2013-09-18,3946,0,1,0,0,3,0,18,9,2013,38,0,0,3685.0,5103.0,3343.0,3954.0,3829.857142857143,3970.714285714286,3880.1
1,2013-09-19,3717,0,1,0,0,4,0,19,9,2013,38,0,0,3946.0,5079.0,3883.0,3492.0,3635.285714285714,3958.857142857143,3887.6
1,2013-09-20,3516,0,1,0,0,5,0,20,9,2013,38,0,0,3717.0,5187.0,3836.0,3096.0,3396.5714285714284,3936.0,3901.6
1,2013-09-21,3909,0,1,0,0,6,0,21,9,2013,38,0,0,3516.0,4663.0,4663.0,3703.0,3288.8571428571427,3882.142857142857,3908.4666666666662
1,2013-09-22,0,0,0,0,0,7,0,22,9,2013,38,0,0,3909.0,0.0,0.0,3493.0,3288.8571428571427,3882.142857142857,3792.033333333333
1,2013-09-23,4770,1,1,0,0,1,0,23,9,2013,39,0,0,0.0,4249.0,5893.0,4752.0,3363.285714285714,3801.928571428572,3792.633333333333
1,2013-09-24,4274,1,1,0,0,2,0,24,9,2013,39,0,0,4770.0,3685.0,5403.0,0.0,3447.428571428572,3721.285714285714,3935.1
1,2013-09-25,4212,1,1,0,0,3,0,25,9,2013,39,0,0,4274.0,3946.0,5103.0,5482.0,3485.428571428572,3657.642857142857,3892.766666666667
1,2013-09-26,4481,1,1,0,0,4,0,26,9,2013,39,0,0,4212.0,3717.0,5079.0,5156.0,3594.5714285714284,3614.928571428572,3870.266666666667
1,2013-09-27,4669,1,1,0,0,5,0,27,9,2013,39,0,0,4481.0,3516.0,5187.0,4583.0,3759.285714285714,3577.928571428572,3873.133333333333
1,2013-09-28,4175,0,1,0,0,6,0,28,9,2013,39,0,0,4669.0,3909.0,4663.0,4804.0,3797.285714285714,3543.0714285714284,3852.1666666666665
1,2013-09-29,0,0,0,0,0,7,0,29,9,2013,39,0,0,4175.0,0.0,0.0,5469.0,3797.285714285714,3543.0714285714284,3669.866666666667
1,2013-09-30,4088,0,1,0,0,1,0,30,9,2013,40,0,0,0.0,4770.0,4249.0,5317.0,3699.857142857143,3531.5714285714284,3628.9
1,2013-10-01,4178,0,1,0,0,2,0,1,10,2013,40,0,0,4088.0,4274.0,3685.0,0.0,3686.142857142857,3566.785714285714,3768.1666666666665
1,2013-10-02,4001,0,1,0,0,3,0,2,10,2013,40,0,0,4178.0,4212.0,3946.0,4195.0,3656.0,3570.714285714286,3761.7
1,2013-10-03,0,0,0,a,0,4,1,3,10,2013,40,0,0,4001.0,4481.0,3717.0,3928.0,3015.8571428571427,3305.214285714286,3630.766666666667
1,2013-10-04,5447,0,1,0,0,5,0,4,10,2013,40,0,0,0.0,4669.0,3516.0,3343.0,3127.0,3443.1428571428573,3700.9
1,2013-10-05,5352,0,1,0,0,6,0,5,10,2013,40,0,0,5447.0,4175.0,3909.0,3883.0,3295.1428571428573,3546.214285714286,3749.866666666667
1,2013-10-06,0,0,0,0,0,7,0,6,10,2013,40,0,0,5352.0,0.0,0.0,3836.0,3295.1428571428573,3546.214285714286,3622.0
1,2013-10-07,6004,1,1,0,0,1,0,7,10,2013,41,0,0,0.0,4088.0,4770.0,4663.0,3568.8571428571427,3634.357142857143,3666.7
1,2013-10-08,5452,1,1,0,0,2,0,8,10,2013,41,0,0,6004.0,4178.0,4274.0,0.0,3750.857142857143,3718.5,3848.433333333333
1,2013-10-09,4957,1,1,0,0,3,0,9,10,2013,41,0,0,5452.0,4001.0,4212.0,5893.0,3887.428571428572,3771.714285714286,3817.233333333333
1,2013-10-10,5286,1,1,0,0,4,0,10,10,2013,41,0,0,4957.0,0.0,4481.0,5403.0,4642.571428571428,3829.214285714286,3813.3333333333335
1,2013-10-11,5896,1,1,0,0,5,0,11,10,2013,41,0,0,5286.0,5447.0,4669.0,5103.0,4706.714285714285,3916.857142857143,3839.766666666667
1,2013-10-12,4954,0,1,0,0,6,0,12,10,2013,41,0,0,5896.0,5352.0,4175.0,5079.0,4649.857142857143,3972.5,3835.6
1,2013-10-13,0,0,0,0,0,7,0,13,10,2013,41,0,0,4954.0,0.0,0.0,5187.0,4649.857142857143,3972.5,3662.7
1,2013-10-14,3773,0,1,0,1,1,0,14,10,2013,42,0,0,0.0,6004.0,4088.0,4663.0,4331.142857142857,3950.0,3633.033333333333
1,2013-10-15,3355,0,1,0,1,2,0,15,10,2013,42,0,0,3773.0,5452.0,4178.0,0.0,4031.571428571429,3891.214285714286,3744.866666666667
1,2013-10-16,3383,0,1,0,1,3,0,16,10,2013,42,0,0,3355.0,4957.0,4001.0,4249.0,3806.714285714286,3847.071428571429,3716.0
1,2013-10-17,3223,0,1,0,1,4,0,17,10,2013,42,0,0,3383.0,5286.0,0.0,3685.0,3512.0,4077.285714285714,3700.6
1,2013-10-18,3566,0,1,0,1,5,0,18,10,2013,42,0,0,3223.0,5896.0,5447.0,3946.0,3179.1428571428573,3942.928571428572,3687.933333333333
1,2013-10-19,3667,0,1,0,1,6,0,19,10,2013,42,0,0,3566.0,4954.0,5352.0,3717.0,2995.285714285714,3822.571428571429,3686.266666666667
1,2013-10-20,0,0,0,0,1,7,0,20,10,2013,42,0,0,3667.0,0.0,0.0,3516.0,2995.285714285714,3822.571428571429,3569.0666666666666
1,2013-10-21,5055,1,1,0,1,1,0,21,10,2013,43,0,0,0.0,3773.0,6004.0,3909.0,3178.428571428572,3754.785714285714,3607.266666666667
1,2013-10-22,4068,1,1,0,1,2,0,22,10,2013,43,0,0,5055.0,3355.0,5452.0,0.0,3280.285714285714,3655.928571428572,3742.866666666667
1,2013-10-23,4612,1,1,0,1,3,0,23,10,2013,43,0,0,4068.0,3383.0,4957.0,4770.0,3455.8571428571427,3631.285714285714,3737.6
1,2013-10-24,4044,1,1,0,1,4,0,24,10,2013,43,0,0,4612.0,3223.0,5286.0,4274.0,3573.1428571428573,3542.5714285714284,3729.933333333333
1,2013-10-25,4573,1,1,0,1,5,0,25,10,2013,43,0,0,4044.0,3566.0,5896.0,4212.0,3717.0,3448.0714285714284,3741.9666666666662
1,2013-10-26,4347,0,1,0,0,6,0,26,10,2013,43,0,0,4573.0,3667.0,4954.0,4481.0,3814.142857142857,3404.714285714286,3737.5
1,2013-10-27,0,0,0,0,0,7,0,27,10,2013,43,0,0,4347.0,0.0,0.0,4669.0,3814.142857142857,3404.714285714286,3581.866666666667
1,2013-10-28,3557,0,1,0,0,1,0,28,10,2013,44,0,0,0.0,5055.0,3773.0,4175.0,3600.1428571428573,3389.285714285714,3561.266666666667
1,2013-10-29,3737,0,1,0,0,2,0,29,10,2013,44,0,0,3557.0,4068.0,3355.0,0.0,3552.8571428571427,3416.5714285714284,3685.8333333333335
1,2013-10-30,4119,0,1,0,0,3,0,30,10,2013,44,0,0,3737.0,4612.0,3383.0,4088.0,3482.428571428572,3469.1428571428573,3686.866666666667
1,2013-10-31,4035,0,1,0,0,4,0,31,10,2013,44,0,0,4119.0,4044.0,3223.0,4178.0,3481.1428571428573,3527.1428571428573,3682.1
1,2013-11-01,5471,0,1,0,0,5,0,1,11,2013,44,1,0,4035.0,4573.0,3566.0,4001.0,3609.428571428572,3663.214285714286,3731.1
1,2013-11-02,5233,0,1,0,0,6,0,2,11,2013,44,1,0,5471.0,4347.0,3667.0,0.0,3736.0,3775.071428571429,3905.533333333333
1,2013-11-03,0,0,0,0,0,7,0,3,11,2013,44,1,0,5233.0,0.0,0.0,5447.0,3736.0,3775.071428571429,3723.9666666666662
1,2013-11-04,5861,1,1,0,0,1,0,4,11,2013,45,1,0,0.0,3557.0,5055.0,5352.0,4065.142857142857,3832.642857142857,3740.933333333333
1,2013-11-05,5348,1,1,0,0,2,0,5,11,2013,45,1,0,5861.0,3737.0,4068.0,0.0,4295.285714285715,3924.071428571429,3919.2
1,2013-11-06,5572,1,1,0,0,3,0,6,11,2013,45,1,0,5348.0,4119.0,4612.0,6004.0,4502.857142857143,3992.642857142857,3904.8
1,2013-11-07,5009,1,1,0,0,4,0,7,11,2013,45,1,0,5572.0,4035.0,4044.0,5452.0,4642.0,4061.571428571429,3890.033333333333
1,2013-11-08,5242,1,1,0,0,5,0,8,11,2013,45,1,0,5009.0,5471.0,4573.0,4957.0,4609.285714285715,4109.357142857143,3899.533333333333
1,2013-11-09,4681,0,1,0,0,6,0,9,11,2013,45,1,0,5242.0,5233.0,4347.0,5286.0,4530.428571428572,4133.214285714285,3879.366666666667
1,2013-11-10,0,0,0,0,0,7,0,10,11,2013,45,1,0,4681.0,0.0,0.0,5896.0,4530.428571428572,4133.214285714285,3682.8333333333335
1,2013-11-11,4014,0,1,0,0,1,0,11,11,2013,46,1,0,0.0,5861.0,3557.0,4954.0,4266.571428571428,4165.857142857143,3651.5
1,2013-11-12,4017,0,1,0,0,2,0,12,11,2013,46,1,0,4014.0,5348.0,3737.0,0.0,4076.428571428572,4185.857142857143,3785.4
1,2013-11-13,3310,0,1,0,0,3,0,13,11,2013,46,1,0,4017.0,5572.0,4119.0,3773.0,3753.285714285714,4128.071428571428,3769.9666666666662
1,2013-11-14,3795,0,1,0,0,4,0,14,11,2013,46,1,0,3310.0,5009.0,4035.0,3355.0,3579.8571428571427,4110.928571428572,3784.633333333333
1,2013-11-15,4016,0,1,0,0,5,0,15,11,2013,46,1,0,3795.0,5242.0,5471.0,3383.0,3404.714285714286,4007.0,3805.733333333333
1,2013-11-16,5071,0,1,0,0,6,0,16,11,2013,46,1,0,4016.0,4681.0,5233.0,3223.0,3460.428571428572,3995.428571428572,3867.3333333333335
1,2013-11-17,0,0,0,0,0,7,0,17,11,2013,46,1,0,5071.0,0.0,0.0,3566.0,3460.428571428572,3995.428571428572,3748.4666666666662
1,2013-11-18,5927,1,1,0,0,1,0,18,11,2013,47,1,0,0.0,4014.0,5861.0,3667.0,3733.714285714286,4000.142857142857,3823.8
1,2013-11-19,5143,1,1,0,0,2,0,19,11,2013,47,1,0,5927.0,4017.0,5348.0,0.0,3894.571428571429,3985.5,3995.233333333333
1,2013-11-20,4936,1,1,0,0,3,0,20,11,2013,47,1,0,5143.0,3310.0,5572.0,5055.0,4126.857142857143,3940.071428571429,3991.266666666667
1,2013-11-21,4623,1,1,0,0,4,0,21,11,2013,47,1,0,4936.0,3795.0,5009.0,4068.0,4245.142857142857,3912.5,4009.766666666667
1,2013-11-22,5058,1,1,0,0,5,0,22,11,2013,47,1,0,4623.0,4016.0,5242.0,4612.0,4394.0,3899.357142857143,4024.633333333333
1,2013-11-23,5297,0,1,0,0,6,0,23,11,2013,47,1,0,5058.0,5071.0,4681.0,4044.0,4426.285714285715,3943.357142857143,4066.4
1,2013-11-24,0,0,0,0,0,7,0,24,11,2013,47,1,0,5297.0,0.0,0.0,4573.0,4426.285714285715,3943.357142857143,3913.9666666666662
1,2013-11-25,4600,0,1,0,0,1,0,25,11,2013,48,1,0,0.0,5927.0,4014.0,4347.0,4236.714285714285,3985.214285714286,3922.4
1,2013-11-26,4201,0,1,0,0,2,0,26,11,2013,48,1,0,4600.0,5143.0,4017.0,0.0,4102.142857142857,3998.357142857143,4062.433333333333
1,2013-11-27,4561,0,1,0,0,3,0,27,11,2013,48,1,0,4201.0,4936.0,3310.0,3557.0,4048.571428571429,4087.714285714286,4095.9
1,2013-11-28,4614,0,1,0,0,4,0,28,11,2013,48,1,0,4561.0,4623.0,3795.0,3737.0,4047.285714285714,4146.214285714285,4125.133333333333
1,2013-11-29,5623,0,1,0,0,5,0,29,11,2013,48,1,0,4614.0,5058.0,4016.0,4119.0,4128.0,4261.0,4175.266666666666
1,2013-11-30,6373,0,1,0,0,6,0,30,11,2013,48,1,0,5623.0,5297.0,5071.0,4035.0,4281.714285714285,4354.0,4253.2
1,2013-12-01,0,0,0,0,0,7,0,1,12,2013,48,0,1,6373.0,0.0,0.0,5471.0,4281.714285714285,4354.0,4070.8333333333335
1,2013-12-02,6943,1,1,0,0,1,0,2,12,2013,49,0,1,0.0,4600.0,5927.0,5233.0,4616.428571428572,4426.571428571428,4127.833333333333
1,2013-12-03,6293,1,1,0,0,2,0,3,12,2013,49,0,1,6943.0,4201.0,5143.0,0.0,4915.285714285715,4508.714285714285,4337.6
1,2013-12-04,5688,1,1,0,0,3,0,4,12,2013,49,0,1,6293.0,4561.0,4936.0,5861.0,5076.285714285715,4562.428571428572,4331.833333333333
1,2013-12-05,5691,1,1,0,0,4,0,5,12,2013,49,0,1,5688.0,4614.0,4623.0,5348.0,5230.142857142857,4638.714285714285,4343.266666666666
1,2013-12-06,6112,1,1,0,0,5,0,6,12,2013,49,0,1,5691.0,5623.0,5058.0,5572.0,5300.0,4714.0,4361.266666666666
1,2013-12-07,5799,0,1,0,0,6,0,7,12,2013,49,0,1,6112.0,6373.0,5297.0,5009.0,5218.0,4749.857142857143,4387.6
1,2013-12-08,0,0,0,0,0,7,0,8,12,2013,49,0,1,5799.0,0.0,0.0,5242.0,5218.0,4749.857142857143,4212.866666666667
1,2013-12-09,4462,0,1,0,0,1,0,9,12,2013,50,0,1,0.0,6943.0,4600.0,4681.0,4863.571428571428,4740.0,4205.566666666667
1,2013-12-10,4228,0,1,0,0,2,0,10,12,2013,50,0,1,4462.0,6293.0,4201.0,0.0,4568.571428571428,4741.928571428572,4346.5
1,2013-12-11,4301,0,1,0,0,3,0,11,12,2013,50,0,1,4228.0,5688.0,4561.0,4014.0,4370.428571428572,4723.357142857143,4356.066666666667
1,2013-12-12,4074,0,1,0,0,4,0,12,12,2013,50,0,1,4301.0,5691.0,4614.0,4017.0,4139.428571428572,4684.785714285715,4357.966666666666
1,2013-12-13,4703,0,1,0,0,5,0,13,12,2013,50,0,1,4074.0,6112.0,5623.0,3310.0,3938.142857142857,4619.071428571428,4404.4
1,2013-12-14,6119,0,1,0,0,6,0,14,12,2013,50,0,1,4703.0,5799.0,6373.0,3795.0,3983.857142857143,4600.928571428572,4481.866666666667
1,2013-12-15,0,0,0,0,0,7,0,15,12,2013,50,0,1,6119.0,0.0,0.0,4016.0,3983.857142857143,4600.928571428572,4348.0
1,2013-12-16,8277,1,1,0,0,1,0,16,12,2013,51,0,1,0.0,4462.0,6943.0,5071.0,4528.857142857143,4696.214285714285,4454.866666666667
1,2013-12-17,7356,1,1,0,0,2,0,17,12,2013,51,0,1,8277.0,4228.0,6293.0,0.0,4975.714285714285,4772.142857142857,4700.066666666667
1,2013-12-18,7821,1,1,0,0,3,0,18,12,2013,51,0,1,7356.0,4301.0,5688.0,5927.0,5478.571428571428,4924.5,4763.2
1,2013-12-19,6788,1,1,0,0,4,0,19,12,2013,51,0,1,7821.0,4074.0,5691.0,5143.0,5866.285714285715,5002.857142857143,4818.033333333334
1,2013-12-20,8414,1,1,0,0,5,0,20,12,2013,51,0,1,6788.0,4703.0,6112.0,4936.0,6396.428571428572,5167.285714285715,4933.966666666666
1,2013-12-21,8043,0,1,0,0,6,0,21,12,2013,51,0,1,8414.0,6119.0,5799.0,4623.0,6671.285714285715,5327.571428571428,5047.966666666666
1,2013-12-22,0,0,0,0,0,7,0,22,12,2013,51,0,1,8043.0,0.0,0.0,5058.0,6671.285714285715,5327.571428571428,4879.366666666667
1,2013-12-23,9528,0,1,0,1,1,0,23,12,2013,52,0,1,0.0,8277.0,4462.0,5297.0,6850.0,5689.428571428572,5020.4
1,2013-12-24,3204,0,1,0,1,2,0,24,12,2013,52,0,1,9528.0,7356.0,4228.0,0.0,6256.857142857143,5616.285714285715,5127.2
1,2013-12-25,0,0,0,c,1,3,1,25,12,2013,52,0,1,3204.0,7821.0,4301.0,4600.0,5139.571428571428,5309.071428571428,4973.866666666667
1,2013-12-26,0,0,0,c,1,4,1,26,12,2013,52,0,1,0.0,6788.0,4074.0,4201.0,4169.857142857143,5018.071428571428,4833.833333333333
1,2013-12-27,6110,0,1,0,1,5,0,27,12,2013,52,0,1,0.0,8414.0,4703.0,4561.0,3840.714285714286,5118.571428571428,4885.466666666666
1,2013-12-28,5659,0,1,0,1,6,0,28,12,2013,52,0,1,6110.0,8043.0,6119.0,4614.0,3500.1428571428573,5085.714285714285,4920.3
1,2013-12-29,0,0,0,0,1,7,0,29,12,2013,52,0,1,5659.0,0.0,0.0,5623.0,3500.1428571428573,5085.714285714285,4732.866666666667
1,2013-12-30,7193,0,1,0,1,1,0,30,12,2013,1,0,1,0.0,9528.0,8277.0,6373.0,3166.5714285714284,5008.285714285715,4760.2
1,2013-12-31,2362,0,1,0,1,2,0,31,12,2013,1,0,1,7193.0,3204.0,7356.0,0.0,3046.285714285714,4651.571428571428,4838.933333333333
1,2014-01-01,0,0,0,a,1,3,1,1,1,2014,1,0,0,2362.0,0.0,7821.0,6943.0,3046.285714285714,4092.928571428572,4607.5
1,2014-01-02,4969,0,1,0,1,4,0,2,1,2014,1,0,0,0.0,0.0,6788.0,6293.0,3756.142857142857,3963.0,4563.366666666667
1,2014-01-03,4190,0,1,0,1,5,0,3,1,2014,1,0,0,4969.0,6110.0,8414.0,5688.0,3481.8571428571427,3661.285714285714,4513.433333333333
1,2014-01-04,5173,0,1,0,1,6,0,4,1,2014,1,0,0,4190.0,5659.0,8043.0,5691.0,3412.428571428572,3456.285714285714,4496.166666666667
1,2014-01-05,0,0,0,0,1,7,0,5,1,2014,1,0,0,5173.0,0.0,0.0,6112.0,3412.428571428572,3456.285714285714,4292.433333333333
1,2014-01-06,6194,1,1,0,1,1,0,6,1,2014,2,0,0,0.0,7193.0,9528.0,5799.0,3269.714285714286,3218.1428571428573,4305.6
1,2014-01-07,5539,1,1,0,1,2,0,7,1,2014,2,0,0,6194.0,2362.0,3204.0,0.0,3723.571428571429,3384.928571428572,4490.233333333334
1,2014-01-08,4931,1,1,0,1,3,0,8,1,2014,2,0,0,5539.0,0.0,0.0,4462.0,4428.0,3737.142857142857,4505.866666666667
1,2014-01-09,4396,1,1,0,1,4,0,9,1,2014,2,0,0,4931.0,4969.0,0.0,4228.0,4346.142857142857,4051.142857142857,4511.466666666666
1,2014-01-10,4486,1,1,0,1,5,0,10,1,2014,2,0,0,4396.0,4190.0,6110.0,4301.0,4388.428571428572,3935.142857142857,4517.633333333333
1,2014-01-11,4454,0,1,0,0,6,0,11,1,2014,2,0,0,4486.0,5173.0,5659.0,4074.0,4285.714285714285,3849.071428571429,4530.3
1,2014-01-12,0,0,0,0,0,7,0,12,1,2014,2,0,0,4454.0,0.0,0.0,4703.0,4285.714285714285,3849.071428571429,4373.533333333334
1,2014-01-13,3994,0,1,0,0,1,0,13,1,2014,3,0,0,0.0,6194.0,7193.0,6119.0,3971.428571428572,3620.571428571429,4302.7
1,2014-01-14,3621,0,1,0,0,2,0,14,1,2014,3,0,0,3994.0,5539.0,2362.0,0.0,3697.428571428572,3710.5,4423.4
1,2014-01-15,3776,0,1,0,0,3,0,15,1,2014,3,0,0,3621.0,4931.0,0.0,8277.0,3532.428571428572,3980.214285714286,4273.366666666667
1,2014-01-16,3632,0,1,0,0,4,0,16,1,2014,3,0,0,3776.0,4396.0,4969.0,7356.0,3423.285714285714,3884.714285714286,4149.233333333334
1,2014-01-17,3803,0,1,0,0,5,0,17,1,2014,3,0,0,3632.0,4486.0,4190.0,7821.0,3325.714285714286,3857.071428571429,4015.3
1,2014-01-18,5128,0,1,0,0,6,0,18,1,2014,3,0,0,3803.0,4454.0,5173.0,6788.0,3422.0,3853.857142857143,3959.9666666666662
1,2014-01-19,0,0,0,0,0,7,0,19,1,2014,3,0,0,5128.0,0.0,0.0,8414.0,3422.0,3853.857142857143,3679.5
1,2014-01-20,6148,1,1,0,0,1,0,20,1,2014,4,0,0,0.0,3994.0,6194.0,8043.0,3729.714285714286,3850.571428571429,3616.3333333333335
1,2014-01-21,5151,1,1,0,0,2,0,21,1,2014,4,0,0,6148.0,3621.0,5539.0,0.0,3948.285714285714,3822.857142857143,3788.033333333333
1,2014-01-22,4562,1,1,0,0,3,0,22,1,2014,4,0,0,5151.0,3776.0,4931.0,9528.0,4060.571428571429,3796.5,3622.5
1,2014-01-23,4597,1,1,0,0,4,0,23,1,2014,4,0,0,4562.0,3632.0,4396.0,3204.0,4198.428571428572,3810.857142857143,3668.933333333333
1,2014-01-24,5098,1,1,0,0,5,0,24,1,2014,4,0,0,4597.0,3803.0,4486.0,0.0,4383.428571428572,3854.571428571429,3838.866666666667
1,2014-01-25,4546,0,1,0,0,6,0,25,1,2014,4,0,0,5098.0,5128.0,4454.0,0.0,4300.285714285715,3861.142857142857,3990.4
1,2014-01-26,0,0,0,0,0,7,0,26,1,2014,4,0,0,4546.0,0.0,0.0,6110.0,4300.285714285715,3861.142857142857,3786.733333333333
1,2014-01-27,3601,0,1,0,0,1,0,27,1,2014,5,0,0,0.0,6148.0,3994.0,5659.0,3936.428571428572,3833.071428571429,3718.133333333333
1,2014-01-28,3581,0,1,0,0,2,0,28,1,2014,5,0,0,3601.0,5151.0,3621.0,0.0,3712.142857142857,3830.214285714286,3837.5
1,2014-01-29,3789,0,1,0,0,3,0,29,1,2014,5,0,0,3581.0,4562.0,3776.0,7193.0,3601.714285714286,3831.142857142857,3724.033333333333
1,2014-01-30,4549,0,1,0,0,4,0,30,1,2014,5,0,0,3789.0,4597.0,3632.0,2362.0,3594.8571428571427,3896.642857142857,3796.933333333333
1,2014-01-31,4906,0,1,0,0,5,0,31,1,2014,5,0,0,4549.0,5098.0,3803.0,0.0,3567.428571428572,3975.428571428572,3960.4666666666662
1,2014-02-01,5292,0,1,0,0,6,0,1,2,2014,5,0,0,4906.0,4546.0,5128.0,4969.0,3674.0,3987.142857142857,3971.233333333333
1,2014-02-02,0,0,0,0,0,7,0,2,2,2014,5,0,0,5292.0,0.0,0.0,4190.0,3674.0,3987.142857142857,3831.5666666666666
1,2014-02-03,5839,1,1,0,0,1,0,3,2,2014,6,0,0,0.0,3601.0,6148.0,5173.0,3993.714285714286,3965.071428571429,3853.766666666667
1,2014-02-04,5540,1,1,0,0,2,0,4,2,2014,6,0,0,5839.0,3581.0,5151.0,0.0,4273.571428571428,3992.857142857143,4038.433333333333
1,2014-02-05,5031,1,1,0,0,3,0,5,2,2014,6,0,0,5540.0,3789.0,4562.0,6194.0,4451.0,4026.357142857143,3999.6666666666665
1,2014-02-06,4823,1,1,0,0,4,0,6,2,2014,6,0,0,5031.0,4549.0,4597.0,5539.0,4490.142857142857,4042.5,3975.8
1,2014-02-07,5596,1,1,0,0,5,0,7,2,2014,6,0,0,4823.0,4906.0,5098.0,4931.0,4588.714285714285,4078.071428571429,3997.9666666666662
1,2014-02-08,4726,0,1,0,0,6,0,8,2,2014,6,0,0,5596.0,5292.0,4546.0,4396.0,4507.857142857143,4090.928571428572,4008.9666666666662
1,2014-02-09,0,0,0,0,0,7,0,9,2,2014,6,0,0,4726.0,0.0,0.0,4486.0,4507.857142857143,4090.928571428572,3859.433333333333
1,2014-02-10,3591,0,1,0,0,1,0,10,2,2014,7,0,0,0.0,5839.0,3601.0,4454.0,4186.714285714285,4090.214285714286,3830.6666666666665
1,2014-02-11,3461,0,1,0,0,2,0,11,2,2014,7,0,0,3591.0,5540.0,3581.0,0.0,3889.714285714286,4081.642857142857,3946.033333333333
1,2014-02-12,3662,0,1,0,0,3,0,12,2,2014,7,0,0,3461.0,5031.0,3789.0,3994.0,3694.142857142857,4072.571428571429,3934.9666666666662
1,2014-02-13,3638,0,1,0,0,4,0,13,2,2014,7,0,0,3662.0,4823.0,4549.0,3621.0,3524.8571428571427,4007.5,3935.533333333333
1,2014-02-14,4647,0,1,0,0,5,0,14,2,2014,7,0,0,3638.0,5596.0,4906.0,3776.0,3389.285714285714,3989.0,3964.5666666666666
1,2014-02-15,5258,0,1,0,0,6,0,15,2,2014,7,0,0,4647.0,4726.0,5292.0,3632.0,3465.285714285714,3986.571428571429,4018.766666666667
1,2014-02-16,0,0,0,0,0,7,0,16,2,2014,7,0,0,5258.0,0.0,0.0,3803.0,3465.285714285714,3986.571428571429,3892.0
1,2014-02-17,5393,1,1,0,0,1,0,17,2,2014,8,0,0,0.0,3591.0,5839.0,5128.0,3722.714285714286,3954.714285714286,3900.8333333333335
1,2014-02-18,4602,1,1,0,0,2,0,18,2,2014,8,0,0,5393.0,3461.0,5540.0,0.0,3885.714285714286,3887.714285714286,4054.233333333333
1,2014-02-19,4935,1,1,0,0,3,0,19,2,2014,8,0,0,4602.0,3662.0,5031.0,6148.0,4067.571428571429,3880.857142857143,4013.8
1,2014-02-20,4563,1,1,0,0,4,0,20,2,2014,8,0,0,4935.0,3638.0,4823.0,5151.0,4199.714285714285,3862.285714285714,3994.2
1,2014-02-21,4727,1,1,0,0,5,0,21,2,2014,8,0,0,4563.0,4647.0,5596.0,4562.0,4211.142857142857,3800.214285714286,3999.7
1,2014-02-22,4820,0,1,0,0,6,0,22,2,2014,8,0,0,4727.0,5258.0,4726.0,4597.0,4148.571428571428,3806.928571428572,4007.133333333333
1,2014-02-23,0,0,0,0,0,7,0,23,2,2014,8,0,0,4820.0,0.0,0.0,5098.0,4148.571428571428,3806.928571428572,3837.2
1,2014-02-24,3826,0,1,0,0,1,0,24,2,2014,9,0,0,0.0,5393.0,3591.0,4546.0,3924.714285714286,3823.714285714286,3813.2
1,2014-02-25,3499,0,1,0,0,2,0,25,2,2014,9,0,0,3826.0,4602.0,3461.0,0.0,3767.142857142857,3826.428571428572,3929.8333333333335
1,2014-02-26,4108,0,1,0,0,3,0,26,2,2014,9,0,0,3499.0,4935.0,3662.0,3601.0,3649.0,3858.285714285714,3946.733333333333
1,2014-02-27,3826,0,1,0,0,4,0,27,2,2014,9,0,0,4108.0,4563.0,3638.0,3581.0,3543.714285714286,3871.714285714286,3954.9
1,2014-02-28,5031,0,1,0,0,5,0,28,2,2014,9,0,0,3826.0,4727.0,4647.0,3789.0,3587.1428571428573,3899.142857142857,3996.3
1,2014-03-01,5307,0,1,0,0,6,0,1,3,2014,9,0,0,5031.0,4820.0,5258.0,4549.0,3656.714285714286,3902.642857142857,4021.5666666666666
1,2014-03-02,0,0,0,0,0,7,0,2,3,2014,9,0,0,5307.0,0.0,0.0,4906.0,3656.714285714286,3902.642857142857,3858.033333333333
1,2014-03-03,6198,1,1,0,0,1,0,3,3,2014,10,0,0,0.0,3826.0,5393.0,5292.0,3995.571428571429,3960.142857142857,3888.233333333333
1,2014-03-04,5397,1,1,0,0,2,0,4,3,2014,10,0,0,6198.0,3499.0,4602.0,0.0,4266.714285714285,4016.928571428572,4068.133333333333
1,2014-03-05,4916,1,1,0,0,3,0,5,3,2014,10,0,0,5397.0,4108.0,4935.0,5839.0,4382.142857142857,4015.571428571429,4037.366666666667
1,2014-03-06,4585,1,1,0,0,4,0,6,3,2014,10,0,0,4916.0,3826.0,4563.0,5540.0,4490.571428571428,4017.142857142857,4005.533333333333
1,2014-03-07,5340,1,1,0,0,5,0,7,3,2014,10,0,0,4585.0,5031.0,4727.0,5031.0,4534.714285714285,4060.928571428572,4015.8333333333335
1,2014-03-08,4400,0,1,0,0,6,0,8,3,2014,10,0,0,5340.0,5307.0,4820.0,4823.0,4405.142857142857,4030.928571428572,4001.733333333333
1,2014-03-09,0,0,0,0,0,7,0,9,3,2014,10,0,0,4400.0,0.0,0.0,5596.0,4405.142857142857,4030.928571428572,3815.2
1,2014-03-10,3573,0,1,0,0,1,0,10,3,2014,11,0,0,0.0,6198.0,3826.0,4726.0,4030.142857142857,4012.857142857143,3776.766666666667
1,2014-03-11,3588,0,1,0,0,2,0,11,3,2014,11,0,0,3573.0,5397.0,3499.0,0.0,3771.714285714286,4019.214285714286,3896.366666666667
1,2014-03-12,3805,0,1,0,0,3,0,12,3,2014,11,0,0,3588.0,4916.0,4108.0,3591.0,3613.0,3997.571428571429,3903.5
1,2014-03-13,3224,0,1,0,0,4,0,13,3,2014,11,0,0,3805.0,4585.0,3826.0,3461.0,3418.5714285714284,3954.571428571429,3895.6
1,2014-03-14,3883,0,1,0,0,5,0,14,3,2014,11,0,0,3224.0,5340.0,5031.0,3662.0,3210.428571428572,3872.571428571429,3902.9666666666662
1,2014-03-15,5042,0,1,0,0,6,0,15,3,2014,11,0,0,3883.0,4400.0,5307.0,3638.0,3302.1428571428573,3853.642857142857,3949.766666666667
1,2014-03-16,0,0,0,0,0,7,0,16,3,2014,11,0,0,5042.0,0.0,0.0,4647.0,3302.1428571428573,3853.642857142857,3794.866666666667
1,2014-03-17,5563,1,1,0,0,1,0,17,3,2014,12,0,0,0.0,3573.0,6198.0,5258.0,3586.428571428572,3808.285714285714,3805.033333333333
1,2014-03-18,5200,1,1,0,0,2,0,18,3,2014,12,0,0,5563.0,3588.0,5397.0,0.0,3816.714285714286,3794.214285714286,3978.366666666667
1,2014-03-19,4036,1,1,0,0,3,0,19,3,2014,12,0,0,5200.0,3805.0,4916.0,5393.0,3849.714285714286,3731.357142857143,3933.133333333333
1,2014-03-20,4023,1,1,0,0,4,0,20,3,2014,12,0,0,4036.0,3224.0,4585.0,4602.0,3963.857142857143,3691.214285714286,3913.8333333333335
1,2014-03-21,4510,1,1,0,0,5,0,21,3,2014,12,0,0,4023.0,3883.0,5340.0,4935.0,4053.428571428572,3631.928571428572,3899.6666666666665
1,2014-03-22,5241,0,1,0,0,6,0,22,3,2014,12,0,0,4510.0,5042.0,4400.0,4563.0,4081.857142857143,3692.0,3922.266666666667
1,2014-03-23,0,0,0,0,0,7,0,23,3,2014,12,0,0,5241.0,0.0,0.0,4727.0,4081.857142857143,3692.0,3764.7
1,2014-03-24,3850,0,1,0,0,1,0,24,3,2014,13,0,0,0.0,5563.0,3573.0,4820.0,3837.142857142857,3711.785714285714,3732.366666666667
1,2014-03-25,3136,0,1,0,0,2,0,25,3,2014,13,0,0,3850.0,5200.0,3588.0,0.0,3542.285714285714,3679.5,3836.9
1,2014-03-26,3225,0,1,0,0,3,0,26,3,2014,13,0,0,3136.0,4036.0,3805.0,3826.0,3426.428571428572,3638.071428571429,3816.866666666667
1,2014-03-27,3847,0,1,0,0,4,0,27,3,2014,13,0,0,3225.0,4023.0,3224.0,3499.0,3401.285714285714,3682.571428571429,3828.4666666666662
1,2014-03-28,3987,0,1,0,0,5,0,28,3,2014,13,0,0,3847.0,4510.0,3883.0,4108.0,3326.5714285714284,3690.0,3824.433333333333
1,2014-03-29,4583,0,1,0,0,6,0,29,3,2014,13,0,0,3987.0,5241.0,5042.0,3826.0,3232.5714285714284,3657.214285714286,3849.6666666666665
1,2014-03-30,0,0,0,0,0,7,0,30,3,2014,13,0,0,4583.0,0.0,0.0,5031.0,3232.5714285714284,3657.214285714286,3681.9666666666662
1,2014-03-31,6008,1,1,0,0,1,0,31,3,2014,14,0,0,0.0,3850.0,5563.0,5307.0,3540.8571428571427,3689.0,3705.3333333333335
1,2014-04-01,5407,1,1,0,0,2,0,1,4,2014,14,0,0,6008.0,3136.0,5200.0,0.0,3865.285714285714,3703.785714285714,3885.5666666666666
1,2014-04-02,4834,1,1,0,0,3,0,2,4,2014,14,0,0,5407.0,3225.0,4036.0,6198.0,4095.142857142857,3760.785714285714,3840.1
1,2014-04-03,4556,1,1,0,0,4,0,3,4,2014,14,0,0,4834.0,3847.0,4023.0,5397.0,4196.428571428572,3798.857142857143,3812.0666666666666
1,2014-04-04,4738,1,1,0,0,5,0,4,4,2014,14,0,0,4556.0,3987.0,4510.0,4916.0,4303.714285714285,3815.142857142857,3806.133333333333
1,2014-04-05,4599,0,1,0,0,6,0,5,4,2014,14,0,0,4738.0,4583.0,5241.0,4585.0,4306.0,3769.285714285714,3806.6
1,2014-04-06,0,0,0,0,0,7,0,6,4,2014,14,0,0,4599.0,0.0,0.0,5340.0,4306.0,3769.285714285714,3628.6
1,2014-04-07,3751,0,1,0,0,1,0,7,4,2014,15,0,0,0.0,6008.0,3850.0,4400.0,3983.571428571429,3762.214285714286,3606.9666666666662
1,2014-04-08,3990,0,1,0,0,2,0,8,4,2014,15,0,0,3751.0,5407.0,3136.0,0.0,3781.142857142857,3823.214285714286,3739.9666666666662
1,2014-04-09,3919,0,1,0,0,3,0,9,4,2014,15,0,0,3990.0,4834.0,3225.0,3573.0,3650.428571428572,3872.785714285714,3751.5
1,2014-04-10,3948,0,1,0,0,4,0,10,4,2014,15,0,0,3919.0,4556.0,3847.0,3588.0,3563.5714285714284,3880.0,3763.5
1,2014-04-11,3733,0,1,0,0,5,0,11,4,2014,15,0,0,3948.0,4738.0,3987.0,3805.0,3420.0,3861.857142857143,3761.1
1,2014-04-12,4435,0,1,0,0,6,0,12,4,2014,15,0,0,3733.0,4599.0,4583.0,3224.0,3396.5714285714284,3851.285714285714,3801.4666666666662
1,2014-04-13,0,0,0,0,0,7,0,13,4,2014,15,0,0,4435.0,0.0,0.0,3883.0,3396.5714285714284,3851.285714285714,3672.033333333333
1,2014-04-14,6803,1,1,0,1,1,0,14,4,2014,16,0,0,0.0,3751.0,6008.0,5042.0,3832.571428571429,3908.071428571429,3730.733333333333
1,2014-04-15,6196,1,1,0,1,2,0,15,4,2014,16,0,0,6803.0,3990.0,5407.0,0.0,4147.714285714285,3964.428571428572,3937.266666666667
1,2014-04-16,6381,1,1,0,1,3,0,16,4,2014,16,0,0,6196.0,3919.0,4834.0,5563.0,4499.428571428572,4074.928571428572,3964.533333333333
1,2014-04-17,6160,1,1,0,1,4,0,17,4,2014,16,0,0,6381.0,3948.0,4556.0,5200.0,4815.428571428572,4189.5,3996.533333333333
1,2014-04-18,0,1,0,b,1,5,1,18,4,2014,16,0,0,6160.0,3733.0,4738.0,4036.0,4282.142857142857,3851.071428571429,3862.0
1,2014-04-19,5871,0,1,0,1,6,0,19,4,2014,16,0,0,0.0,4435.0,4599.0,4023.0,4487.285714285715,3941.928571428572,3923.6
1,2014-04-20,0,0,0,0,1,7,0,20,4,2014,16,0,0,5871.0,0.0,0.0,4510.0,4487.285714285715,3941.928571428572,3773.266666666667
1,2014-04-21,0,0,0,b,1,1,1,21,4,2014,17,0,0,0.0,6803.0,3751.0,5241.0,3515.428571428572,3674.0,3598.5666666666666
1,2014-04-22,4133,0,1,0,1,2,0,22,4,2014,17,0,0,0.0,6196.0,3990.0,0.0,3220.714285714286,3684.214285714286,3736.3333333333335
1,2014-04-23,3482,0,1,0,1,3,0,23,4,2014,17,0,0,4133.0,6381.0,3919.0,3850.0,2806.5714285714284,3653.0,3724.0666666666666
1,2014-04-24,3376,0,1,0,1,4,0,24,4,2014,17,0,0,3482.0,6160.0,3948.0,3136.0,2408.8571428571427,3612.142857142857,3732.0666666666666
1,2014-04-25,3710,0,1,0,1,5,0,25,4,2014,17,0,0,3376.0,0.0,3733.0,3225.0,2938.8571428571427,3610.5,3748.233333333333
1,2014-04-26,3989,0,1,0,0,6,0,26,4,2014,17,0,0,3710.0,5871.0,4435.0,3847.0,2670.0,3578.6428571428573,3752.9666666666662
1,2014-04-27,0,0,0,0,0,7,0,27,4,2014,17,0,0,3989.0,0.0,0.0,3987.0,2670.0,3578.6428571428573,3620.0666666666666
1,2014-04-28,5488,1,1,0,0,1,0,28,4,2014,18,0,0,0.0,0.0,6803.0,4583.0,3454.0,3484.714285714286,3650.233333333333
1,2014-04-29,5923,1,1,0,0,2,0,29,4,2014,18,0,0,5488.0,4133.0,6196.0,0.0,3709.714285714286,3465.214285714286,3847.6666666666665
1,2014-04-30,5870,1,1,0,0,3,0,30,4,2014,18,0,0,5923.0,3482.0,6381.0,6008.0,4050.857142857143,3428.714285714286,3843.0666666666666
1,2014-05-01,0,1,0,a,0,4,1,1,5,2014,18,0,0,5870.0,3376.0,6160.0,5407.0,3568.5714285714284,2988.714285714286,3662.8333333333335
1,2014-05-02,6790,1,1,0,0,5,0,2,5,2014,18,0,0,0.0,3710.0,0.0,4834.0,4008.571428571429,3473.714285714286,3728.033333333333
1,2014-05-03,5498,0,1,0,0,6,0,3,5,2014,18,0,0,6790.0,3989.0,5871.0,4556.0,4224.142857142857,3447.0714285714284,3759.433333333333
1,2014-05-04,0,0,0,0,0,7,0,4,5,2014,18,0,0,5498.0,0.0,0.0,4738.0,4224.142857142857,3447.0714285714284,3601.5
1,2014-05-05,5325,1,1,0,0,1,0,5,5,2014,19,0,0,0.0,5488.0,0.0,4599.0,4200.857142857143,3827.428571428572,3625.7
1,2014-05-06,5055,1,1,0,0,2,0,6,5,2014,19,0,0,5325.0,5923.0,4133.0,0.0,4076.857142857143,3893.285714285714,3794.2
1,2014-05-07,5075,1,1,0,0,3,0,7,5,2014,19,0,0,5055.0,5870.0,3482.0,3751.0,3963.285714285714,4007.071428571429,3838.3333333333335
1,2014-05-08,5222,1,1,0,0,4,0,8,5,2014,19,0,0,5075.0,0.0,3376.0,3990.0,4709.285714285715,4138.928571428572,3879.4
1,2014-05-09,5237,1,1,0,0,5,0,9,5,2014,19,0,0,5222.0,6790.0,3710.0,3919.0,4487.428571428572,4248.0,3923.3333333333335
1,2014-05-10,5996,0,1,0,0,6,0,10,5,2014,19,0,0,5237.0,5498.0,3989.0,3948.0,4558.571428571428,4391.357142857143,3991.6
1,2014-05-11,0,0,0,0,0,7,0,11,5,2014,19,0,0,5996.0,0.0,0.0,3733.0,4558.571428571428,4391.357142857143,3867.1666666666665
1,2014-05-12,3957,0,1,0,0,1,0,12,5,2014,20,0,0,0.0,5325.0,5488.0,4435.0,4363.142857142857,4282.0,3851.233333333333
1,2014-05-13,3535,0,1,0,0,2,0,13,5,2014,20,0,0,3957.0,5055.0,5923.0,0.0,4146.0,4111.428571428572,3969.0666666666666
1,2014-05-14,3710,0,1,0,0,3,0,14,5,2014,20,0,0,3535.0,5075.0,5870.0,6803.0,3951.0,3957.142857142857,3865.9666666666662
1,2014-05-15,3589,0,1,0,0,4,0,15,5,2014,20,0,0,3710.0,5222.0,0.0,6196.0,3717.714285714286,4213.5,3779.0666666666666
1,2014-05-16,3863,0,1,0,0,5,0,16,5,2014,20,0,0,3589.0,5237.0,6790.0,6381.0,3521.428571428572,4004.428571428572,3695.133333333333
1,2014-05-17,3785,0,1,0,0,6,0,17,5,2014,20,0,0,3863.0,5996.0,5498.0,6160.0,3205.5714285714284,3882.071428571429,3615.9666666666662
1,2014-05-18,0,0,0,0,0,7,0,18,5,2014,20,0,0,3785.0,0.0,0.0,0.0,3205.5714285714284,3882.071428571429,3615.9666666666662
1,2014-05-19,5637,1,1,0,0,1,0,19,5,2014,21,0,0,0.0,3957.0,5325.0,5871.0,3445.5714285714284,3904.357142857143,3608.1666666666665
1,2014-05-20,4909,1,1,0,0,2,0,20,5,2014,21,0,0,5637.0,3535.0,5055.0,0.0,3641.857142857143,3893.928571428572,3771.8
1,2014-05-21,4298,1,1,0,0,3,0,21,5,2014,21,0,0,4909.0,3710.0,5075.0,0.0,3725.857142857143,3838.428571428572,3915.0666666666666
1,2014-05-22,3801,1,1,0,0,4,0,22,5,2014,21,0,0,4298.0,3589.0,5222.0,4133.0,3756.142857142857,3736.928571428572,3904.0
1,2014-05-23,4968,1,1,0,0,5,0,23,5,2014,21,0,0,3801.0,3863.0,5237.0,3482.0,3914.0,3717.714285714286,3953.533333333333
1,2014-05-24,4574,0,1,0,0,6,0,24,5,2014,21,0,0,4968.0,3785.0,5996.0,3376.0,4026.714285714286,3616.142857142857,3993.4666666666662
1,2014-05-25,0,0,0,0,0,7,0,25,5,2014,21,0,0,4574.0,0.0,0.0,3710.0,4026.714285714286,3616.142857142857,3869.8
1,2014-05-26,3912,0,1,0,0,1,0,26,5,2014,22,0,0,0.0,5637.0,3957.0,3989.0,3780.285714285714,3612.928571428572,3867.233333333333
1,2014-05-27,3971,0,1,0,0,2,0,27,5,2014,22,0,0,3912.0,4909.0,3535.0,0.0,3646.285714285714,3644.071428571429,3999.6
1,2014-05-28,4616,0,1,0,0,3,0,28,5,2014,22,0,0,3971.0,4298.0,3710.0,5488.0,3691.714285714286,3708.785714285714,3970.533333333333
1,2014-05-29,0,0,0,a,0,4,1,29,5,2014,22,0,0,4616.0,3801.0,3589.0,5923.0,3148.714285714286,3452.428571428572,3773.1
1,2014-05-30,5407,0,1,0,0,5,0,30,5,2014,22,0,0,0.0,4968.0,3863.0,5870.0,3211.428571428572,3562.714285714286,3757.6666666666665
1,2014-05-31,4985,0,1,0,0,6,0,31,5,2014,22,0,0,5407.0,4574.0,3785.0,0.0,3270.1428571428573,3648.428571428572,3923.8333333333335
1,2014-06-01,0,0,0,0,0,7,0,1,6,2014,22,0,0,4985.0,0.0,0.0,6790.0,3270.1428571428573,3648.428571428572,3697.5
1,2014-06-02,6071,1,1,0,0,1,0,2,6,2014,23,0,0,0.0,3912.0,5637.0,5498.0,3578.5714285714284,3679.428571428572,3716.6
1,2014-06-03,5614,1,1,0,0,2,0,3,6,2014,23,0,0,6071.0,3971.0,4909.0,0.0,3813.285714285714,3729.785714285714,3903.733333333333
1,2014-06-04,5229,1,1,0,0,3,0,4,6,2014,23,0,0,5614.0,4616.0,4298.0,5325.0,3900.857142857143,3796.285714285714,3900.533333333333
1,2014-06-05,5278,1,1,0,0,4,0,5,6,2014,23,0,0,5229.0,0.0,3801.0,5055.0,4654.857142857143,3901.785714285714,3907.9666666666662
1,2014-06-06,4957,1,1,0,0,5,0,6,6,2014,23,0,0,5278.0,5407.0,4968.0,5075.0,4590.571428571428,3901.0,3904.033333333333
1,2014-06-07,4923,0,1,0,0,6,0,7,6,2014,23,0,0,4957.0,4985.0,4574.0,5222.0,4581.714285714285,3925.928571428572,3894.0666666666666
1,2014-06-08,0,0,0,0,0,7,0,8,6,2014,23,0,0,4923.0,0.0,0.0,5237.0,4581.714285714285,3925.928571428572,3719.5
1,2014-06-09,0,0,0,a,0,1,1,9,6,2014,24,0,0,0.0,6071.0,3912.0,5996.0,3714.428571428572,3646.5,3519.633333333333
1,2014-06-10,4607,0,1,0,0,2,0,10,6,2014,24,0,0,0.0,5614.0,3971.0,0.0,3570.5714285714284,3691.928571428572,3673.2
1,2014-06-11,4207,0,1,0,0,3,0,11,6,2014,24,0,0,4607.0,5229.0,4616.0,3957.0,3424.5714285714284,3662.714285714286,3681.533333333333
1,2014-06-12,3702,0,1,0,0,4,0,12,6,2014,24,0,0,4207.0,5278.0,0.0,3535.0,3199.428571428572,3927.142857142857,3687.1
1,2014-06-13,3901,0,1,0,0,5,0,13,6,2014,24,0,0,3702.0,4957.0,5407.0,3710.0,3048.5714285714284,3819.571428571429,3693.4666666666662
1,2014-06-14,4757,0,1,0,0,6,0,14,6,2014,24,0,0,3901.0,4923.0,4985.0,3589.0,3024.8571428571427,3803.285714285714,3732.4
1,2014-06-15,0,0,0,0,0,7,0,15,6,2014,24,0,0,4757.0,0.0,0.0,3863.0,3024.8571428571427,3803.285714285714,3603.633333333333
1,2014-06-16,4788,1,1,0,0,1,0,16,6,2014,25,0,0,0.0,0.0,6071.0,3785.0,3708.857142857143,3711.642857142857,3637.0666666666666
1,2014-06-17,5770,1,1,0,0,2,0,17,6,2014,25,0,0,4788.0,4607.0,5614.0,0.0,3875.0,3722.785714285714,3829.4
1,2014-06-18,5256,1,1,0,0,3,0,18,6,2014,25,0,0,5770.0,4207.0,5229.0,5637.0,4024.857142857143,3724.714285714286,3816.7
1,2014-06-19,0,1,0,a,0,4,1,19,6,2014,25,0,0,5256.0,3702.0,5278.0,4909.0,3496.0,3347.714285714286,3653.0666666666666
1,2014-06-20,6362,1,1,0,0,5,0,20,6,2014,25,0,0,0.0,3901.0,4957.0,4298.0,3847.571428571429,3448.0714285714284,3721.866666666667
1,2014-06-21,3982,0,1,0,0,6,0,21,6,2014,25,0,0,6362.0,4757.0,4923.0,3801.0,3736.857142857143,3380.8571428571427,3727.9
1,2014-06-22,0,0,0,0,0,7,0,22,6,2014,25,0,0,3982.0,0.0,0.0,4968.0,3736.857142857143,3380.8571428571427,3562.3
1,2014-06-23,3755,0,1,0,0,1,0,23,6,2014,26,0,0,0.0,4788.0,0.0,4574.0,3589.285714285714,3649.071428571429,3535.0
1,2014-06-24,3351,0,1,0,0,2,0,24,6,2014,26,0,0,3755.0,5770.0,4607.0,0.0,3243.714285714286,3559.3571428571427,3646.7
1,2014-06-25,3727,0,1,0,0,3,0,25,6,2014,26,0,0,3351.0,5256.0,4207.0,3912.0,3025.285714285714,3525.0714285714284,3640.533333333333
1,2014-06-26,2749,0,1,0,0,4,0,26,6,2014,26,0,0,3727.0,0.0,3702.0,3971.0,3418.0,3457.0,3599.8
1,2014-06-27,4019,0,1,0,0,5,0,27,6,2014,26,0,0,2749.0,6362.0,3901.0,4616.0,3083.285714285714,3465.428571428572,3579.9
1,2014-06-28,5162,0,1,0,0,6,0,28,6,2014,26,0,0,4019.0,3982.0,4757.0,0.0,3251.8571428571427,3494.3571428571427,3751.9666666666662
1,2014-06-29,0,0,0,0,0,7,0,29,6,2014,26,0,0,5162.0,0.0,0.0,5407.0,3251.8571428571427,3494.3571428571427,3571.733333333333
1,2014-06-30,5738,1,1,0,0,1,0,30,6,2014,27,0,0,0.0,3755.0,4788.0,4985.0,3535.1428571428573,3562.214285714286,3596.833333333333
1,2014-07-01,5138,1,1,0,0,2,0,1,7,2014,27,0,0,5738.0,3351.0,5770.0,0.0,3790.428571428572,3517.0714285714284,3768.1
1,2014-07-02,5161,1,1,0,0,3,0,2,7,2014,27,0,0,5138.0,3727.0,5256.0,6071.0,3995.285714285714,3510.285714285714,3737.766666666667
1,2014-07-03,4756,1,1,0,0,4,0,3,7,2014,27,0,0,5161.0,2749.0,0.0,5614.0,4282.0,3850.0,3709.1666666666665
1,2014-07-04,4025,1,1,0,0,5,0,4,7,2014,27,0,0,4756.0,4019.0,6362.0,5229.0,4282.857142857143,3683.071428571429,3669.033333333333
1,2014-07-05,5176,0,1,0,0,6,0,5,7,2014,27,0,0,4025.0,5162.0,3982.0,5278.0,4284.857142857143,3768.357142857143,3665.633333333333
1,2014-07-06,0,0,0,0,0,7,0,6,7,2014,27,0,0,5176.0,0.0,0.0,4957.0,4284.857142857143,3768.357142857143,3500.4
1,2014-07-07,4223,0,1,0,0,1,0,7,7,2014,28,0,0,0.0,5738.0,3755.0,4923.0,4068.428571428572,3801.785714285714,3477.0666666666666
1,2014-07-08,4081,0,1,0,0,2,0,8,7,2014,28,0,0,4223.0,5138.0,3351.0,0.0,3917.428571428572,3853.928571428572,3613.1
1,2014-07-09,3547,0,1,0,0,3,0,9,7,2014,28,0,0,4081.0,5161.0,3727.0,0.0,3686.857142857143,3841.071428571429,3731.3333333333335
1,2014-07-10,3741,0,1,0,0,4,0,10,7,2014,28,0,0,3547.0,4756.0,2749.0,4607.0,3541.8571428571427,3911.928571428572,3702.4666666666662
1,2014-07-11,4020,0,1,0,0,5,0,11,7,2014,28,0,0,3741.0,4025.0,4019.0,4207.0,3541.1428571428573,3912.0,3696.233333333333
1,2014-07-12,4409,0,1,0,0,6,0,12,7,2014,28,0,0,4020.0,5176.0,5162.0,3702.0,3431.5714285714284,3858.214285714286,3719.8
1,2014-07-13,0,0,0,0,0,7,0,13,7,2014,28,0,0,4409.0,0.0,0.0,3901.0,3431.5714285714284,3858.214285714286,3589.766666666667
1,2014-07-14,5083,1,1,0,0,1,0,14,7,2014,29,0,0,0.0,4223.0,5738.0,4757.0,3554.428571428572,3811.428571428572,3600.633333333333
1,2014-07-15,5298,1,1,0,0,2,0,15,7,2014,29,0,0,5083.0,4081.0,5138.0,0.0,3728.285714285714,3822.857142857143,3777.233333333333
1,2014-07-16,5424,1,1,0,0,3,0,16,7,2014,29,0,0,5298.0,3547.0,5161.0,4788.0,3996.428571428572,3841.642857142857,3798.433333333333
1,2014-07-17,4685,1,1,0,0,4,0,17,7,2014,29,0,0,5424.0,3741.0,4756.0,5770.0,4131.285714285715,3836.571428571429,3762.266666666667
1,2014-07-18,4609,1,1,0,0,5,0,18,7,2014,29,0,0,4685.0,4020.0,4025.0,5256.0,4215.428571428572,3878.285714285714,3740.7
1,2014-07-19,4084,0,1,0,0,6,0,19,7,2014,29,0,0,4609.0,4409.0,5176.0,0.0,4169.0,3800.285714285714,3876.8333333333335
1,2014-07-20,0,0,0,0,0,7,0,20,7,2014,29,0,0,4084.0,0.0,0.0,6362.0,4169.0,3800.285714285714,3664.766666666667
1,2014-07-21,4507,0,1,0,0,1,0,21,7,2014,30,0,0,0.0,5083.0,4223.0,3982.0,4086.714285714286,3820.571428571429,3682.266666666667
1,2014-07-22,3933,0,1,0,0,2,0,22,7,2014,30,0,0,4507.0,5298.0,4081.0,0.0,3891.714285714286,3810.0,3813.366666666667
1,2014-07-23,3806,0,1,0,0,3,0,23,7,2014,30,0,0,3933.0,5424.0,3547.0,3755.0,3660.571428571429,3828.5,3815.0666666666666
1,2014-07-24,3557,0,1,0,0,4,0,24,7,2014,30,0,0,3806.0,4685.0,3741.0,3351.0,3499.428571428572,3815.357142857143,3821.933333333333
1,2014-07-25,3858,0,1,0,0,5,0,25,7,2014,30,0,0,3557.0,4609.0,4020.0,3727.0,3392.1428571428573,3803.785714285714,3826.3
1,2014-07-26,4266,0,1,0,0,6,0,26,7,2014,30,0,0,3858.0,4084.0,4409.0,2749.0,3418.1428571428573,3793.571428571429,3876.866666666667
1,2014-07-27,0,0,0,0,0,7,0,27,7,2014,30,0,0,4266.0,0.0,0.0,4019.0,3418.1428571428573,3793.571428571429,3742.9
1,2014-07-28,5372,1,1,0,1,1,0,28,7,2014,31,0,0,0.0,4507.0,5083.0,5162.0,3541.714285714286,3814.214285714286,3749.9
1,2014-07-29,5252,1,1,0,1,2,0,29,7,2014,31,0,0,5372.0,3933.0,5298.0,0.0,3730.142857142857,3810.928571428572,3924.9666666666662
1,2014-07-30,5487,1,1,0,1,3,0,30,7,2014,31,0,0,5252.0,3806.0,5424.0,5738.0,3970.285714285714,3815.428571428572,3916.6
1,2014-07-31,5106,1,1,0,0,4,0,31,7,2014,31,0,0,5487.0,3557.0,4685.0,5138.0,4191.571428571428,3845.5,3915.533333333333
1,2014-08-01,5038,1,1,0,1,5,0,1,8,2014,31,0,0,5106.0,3858.0,4609.0,5161.0,4360.142857142857,3876.142857142857,3911.433333333333
1,2014-08-02,4731,0,1,0,1,6,0,2,8,2014,31,0,0,5038.0,4266.0,4084.0,4756.0,4426.571428571428,3922.357142857143,3910.6
1,2014-08-03,0,0,0,0,1,7,0,3,8,2014,31,0,0,4731.0,0.0,0.0,4025.0,4426.571428571428,3922.357142857143,3776.433333333333
1,2014-08-04,5655,1,1,0,1,1,0,4,8,2014,32,0,0,0.0,5372.0,4507.0,5176.0,4467.0,4004.357142857143,3792.4
1,2014-08-05,5433,1,1,0,1,2,0,5,8,2014,32,0,0,5655.0,5252.0,3933.0,0.0,4492.857142857143,4111.5,3973.5
1,2014-08-06,5337,1,1,0,1,3,0,6,8,2014,32,0,0,5433.0,5487.0,3806.0,4223.0,4471.428571428572,4220.857142857143,4010.633333333333
1,2014-08-07,4154,1,1,0,1,4,0,7,8,2014,32,0,0,5337.0,5106.0,3557.0,4081.0,4335.428571428572,4263.5,4013.0666666666666
1,2014-08-08,4451,1,1,0,1,5,0,8,8,2014,32,0,0,4154.0,5038.0,3858.0,3547.0,4251.571428571428,4305.857142857143,4043.2
1,2014-08-09,4174,0,1,0,1,6,0,9,8,2014,32,0,0,4451.0,4731.0,4266.0,3741.0,4172.0,4299.285714285715,4057.633333333333
1,2014-08-10,0,0,0,0,1,7,0,10,8,2014,32,0,0,4174.0,0.0,0.0,4020.0,4172.0,4299.285714285715,3923.633333333333
1,2014-08-11,3886,0,1,0,1,1,0,11,8,2014,33,0,0,0.0,5655.0,5372.0,4409.0,3919.285714285714,4193.142857142857,3906.2
1,2014-08-12,3185,0,1,0,1,2,0,12,8,2014,33,0,0,3886.0,5433.0,5252.0,0.0,3598.1428571428573,4045.5,4012.366666666667
1,2014-08-13,4069,0,1,0,1,3,0,13,8,2014,33,0,0,3185.0,5337.0,5487.0,5083.0,3417.0,3944.214285714286,3978.5666666666666
1,2014-08-14,3906,0,1,0,1,4,0,14,8,2014,33,0,0,4069.0,4154.0,5106.0,5298.0,3381.5714285714284,3858.5,3932.1666666666665
1,2014-08-15,3746,0,1,0,1,5,0,15,8,2014,33,0,0,3906.0,4451.0,5038.0,5424.0,3280.8571428571427,3766.214285714286,3876.233333333333
1,2014-08-16,4425,0,1,0,1,6,0,16,8,2014,33,0,0,3746.0,4174.0,4731.0,4685.0,3316.714285714286,3744.357142857143,3867.5666666666666
1,2014-08-17,0,0,0,0,1,7,0,17,8,2014,33,0,0,4425.0,0.0,0.0,4609.0,3316.714285714286,3744.357142857143,3713.933333333333
1,2014-08-18,5623,1,1,0,1,1,0,18,8,2014,34,0,0,0.0,3886.0,5655.0,4084.0,3564.8571428571427,3742.071428571429,3765.233333333333
1,2014-08-19,5190,1,1,0,1,2,0,19,8,2014,34,0,0,5623.0,3185.0,5433.0,0.0,3851.285714285714,3724.714285714286,3938.233333333333
1,2014-08-20,4280,1,1,0,1,3,0,20,8,2014,34,0,0,5190.0,4069.0,5337.0,4507.0,3881.428571428572,3649.214285714286,3930.6666666666665
1,2014-08-21,4327,1,1,0,1,4,0,21,8,2014,34,0,0,4280.0,3906.0,4154.0,3933.0,3941.571428571429,3661.571428571429,3943.8
1,2014-08-22,3971,1,1,0,1,5,0,22,8,2014,34,0,0,4327.0,3746.0,4451.0,3806.0,3973.714285714286,3627.285714285714,3949.3
1,2014-08-23,3582,0,1,0,1,6,0,23,8,2014,34,0,0,3971.0,4425.0,4174.0,3557.0,3853.285714285714,3585.0,3950.133333333333
1,2014-08-24,0,0,0,0,1,7,0,24,8,2014,34,0,0,3582.0,0.0,0.0,3858.0,3853.285714285714,3585.0,3821.533333333333
1,2014-08-25,3414,0,1,0,1,1,0,25,8,2014,35,0,0,0.0,5623.0,3886.0,4266.0,3537.714285714286,3551.285714285714,3793.133333333333
1,2014-08-26,3396,0,1,0,1,2,0,26,8,2014,35,0,0,3414.0,5190.0,3185.0,0.0,3281.428571428572,3566.3571428571427,3906.3333333333335
1,2014-08-27,3148,0,1,0,1,3,0,27,8,2014,35,0,0,3396.0,4280.0,4069.0,5372.0,3119.714285714286,3500.5714285714284,3832.2
1,2014-08-28,3920,0,1,0,1,4,0,28,8,2014,35,0,0,3148.0,4327.0,3906.0,5252.0,3061.5714285714284,3501.5714285714284,3787.8
1,2014-08-29,3869,0,1,0,1,5,0,29,8,2014,35,0,0,3920.0,3971.0,3746.0,5487.0,3047.0,3510.3571428571427,3733.866666666667
1,2014-08-30,4094,0,1,0,1,6,0,30,8,2014,35,0,0,3869.0,3582.0,4425.0,5106.0,3120.1428571428573,3486.714285714286,3700.133333333333
1,2014-08-31,0,0,0,0,1,7,0,31,8,2014,35,0,0,4094.0,0.0,0.0,5038.0,3120.1428571428573,3486.714285714286,3532.2
1,2014-09-01,5464,1,1,0,1,1,0,1,9,2014,36,0,0,0.0,3414.0,5623.0,4731.0,3413.0,3475.3571428571427,3556.633333333333
1,2014-09-02,5008,1,1,0,1,2,0,2,9,2014,36,0,0,5464.0,3396.0,5190.0,0.0,3643.285714285714,3462.3571428571427,3723.5666666666666
1,2014-09-03,4978,1,1,0,1,3,0,3,9,2014,36,0,0,5008.0,3148.0,4280.0,5655.0,3904.714285714286,3512.214285714286,3701.0
1,2014-09-04,4346,1,1,0,1,4,0,4,9,2014,36,0,0,4978.0,3920.0,4327.0,5433.0,3965.571428571429,3513.5714285714284,3664.766666666667
1,2014-09-05,4706,1,1,0,1,5,0,5,9,2014,36,0,0,4346.0,3869.0,3971.0,5337.0,4085.142857142857,3566.0714285714284,3643.733333333333
1,2014-09-06,3959,0,1,0,0,6,0,6,9,2014,36,0,0,4706.0,4094.0,3582.0,4154.0,4065.857142857143,3593.0,3637.233333333333
1,2014-09-07,0,0,0,0,0,7,0,7,9,2014,36,0,0,3959.0,0.0,0.0,4451.0,4065.857142857143,3593.0,3488.866666666667
1,2014-09-08,3676,0,1,0,0,1,0,8,9,2014,37,0,0,0.0,5464.0,3414.0,4174.0,3810.428571428572,3611.714285714286,3472.266666666667
1,2014-09-09,3377,0,1,0,0,2,0,9,9,2014,37,0,0,3676.0,5008.0,3396.0,0.0,3577.428571428572,3610.357142857143,3584.833333333333
1,2014-09-10,3275,0,1,0,0,3,0,10,9,2014,37,0,0,3377.0,4978.0,3148.0,3886.0,3334.1428571428573,3619.428571428572,3564.4666666666667
1,2014-09-11,3392,0,1,0,0,4,0,11,9,2014,37,0,0,3275.0,4346.0,3920.0,3185.0,3197.8571428571427,3581.714285714286,3571.366666666667
1,2014-09-12,3906,0,1,0,0,5,0,12,9,2014,37,0,0,3392.0,4706.0,3869.0,4069.0,3083.5714285714284,3584.3571428571427,3565.9333333333334
1,2014-09-13,4270,0,1,0,0,6,0,13,9,2014,37,0,0,3906.0,3959.0,4094.0,3906.0,3128.0,3596.928571428572,3578.0666666666666
1,2014-09-14,0,0,0,0,0,7,0,14,9,2014,37,0,0,4270.0,0.0,0.0,3746.0,3128.0,3596.928571428572,3453.2
1,2014-09-15,4611,1,1,0,0,1,0,15,9,2014,38,0,0,0.0,3676.0,5464.0,4425.0,3261.5714285714284,3536.0,3459.4
1,2014-09-16,4381,1,1,0,0,2,0,16,9,2014,38,0,0,4611.0,3377.0,5008.0,0.0,3405.0,3491.214285714286,3605.433333333333
1,2014-09-17,4383,1,1,0,0,3,0,17,9,2014,38,0,0,4381.0,3275.0,4978.0,5623.0,3563.285714285714,3448.714285714286,3564.1
1,2014-09-18,3740,1,1,0,0,4,0,18,9,2014,38,0,0,4383.0,3392.0,4346.0,5190.0,3613.0,3405.428571428572,3515.766666666667
1,2014-09-19,4128,1,1,0,0,5,0,19,9,2014,38,0,0,3740.0,3906.0,4706.0,4280.0,3644.714285714286,3364.1428571428573,3510.7
1,2014-09-20,3911,0,1,0,0,6,0,20,9,2014,38,0,0,4128.0,4270.0,3959.0,4327.0,3593.428571428572,3360.714285714286,3496.833333333333
1,2014-09-21,0,0,0,0,0,7,0,21,9,2014,38,0,0,3911.0,0.0,0.0,3971.0,3593.428571428572,3360.714285714286,3364.4666666666667
1,2014-09-22,3982,0,1,0,0,1,0,22,9,2014,39,0,0,0.0,4611.0,3676.0,3582.0,3503.5714285714284,3382.5714285714284,3377.8
1,2014-09-23,3407,0,1,0,0,2,0,23,9,2014,39,0,0,3982.0,4381.0,3377.0,0.0,3364.428571428572,3384.714285714286,3491.366666666667
1,2014-09-24,3405,0,1,0,0,3,0,24,9,2014,39,0,0,3407.0,4383.0,3275.0,3414.0,3224.714285714286,3394.0,3491.0666666666666
1,2014-09-25,2462,0,1,0,0,4,0,25,9,2014,39,0,0,3405.0,3740.0,3392.0,3396.0,3042.1428571428573,3327.5714285714284,3459.9333333333334
1,2014-09-26,3518,0,1,0,0,5,0,26,9,2014,39,0,0,2462.0,4128.0,3906.0,3148.0,2955.0,3299.8571428571427,3472.266666666667
1,2014-09-27,3914,0,1,0,0,6,0,27,9,2014,39,0,0,3518.0,3911.0,4270.0,3920.0,2955.428571428572,3274.428571428572,3472.0666666666666
1,2014-09-28,0,0,0,0,0,7,0,28,9,2014,39,0,0,3914.0,0.0,0.0,3869.0,2955.428571428572,3274.428571428572,3343.1
1,2014-09-29,5280,1,1,0,0,1,0,29,9,2014,40,0,0,0.0,3982.0,4611.0,4094.0,3140.8571428571427,3322.214285714286,3382.633333333333
1,2014-09-30,4919,1,1,0,0,2,0,30,9,2014,40,0,0,5280.0,3407.0,4381.0,0.0,3356.8571428571427,3360.6428571428573,3546.6
1,2014-10-01,4712,1,1,0,0,3,0,1,10,2014,40,0,0,4919.0,3405.0,4383.0,5464.0,3543.5714285714284,3384.1428571428573,3521.5333333333333
1,2014-10-02,5400,1,1,0,0,4,0,2,10,2014,40,0,0,4712.0,2462.0,3740.0,5008.0,3963.285714285714,3502.714285714286,3534.6
1,2014-10-03,0,1,0,a,0,5,1,3,10,2014,40,0,0,5400.0,3518.0,4128.0,4978.0,3460.714285714286,3207.8571428571427,3368.6666666666665
1,2014-10-04,5355,0,1,0,0,6,0,4,10,2014,40,0,0,0.0,3914.0,3911.0,4346.0,3666.571428571429,3311.0,3402.3
1,2014-10-05,0,0,0,0,0,7,0,5,10,2014,40,0,0,5355.0,0.0,0.0,4706.0,3666.571428571429,3311.0,3245.4333333333334
1,2014-10-06,5402,1,1,0,0,1,0,6,10,2014,41,0,0,0.0,5280.0,3982.0,3959.0,3684.0,3412.428571428572,3293.5333333333333
1,2014-10-07,5439,1,1,0,0,2,0,7,10,2014,41,0,0,5402.0,4919.0,3407.0,0.0,3758.285714285714,3557.5714285714284,3474.833333333333
1,2014-10-08,4944,1,1,0,0,3,0,8,10,2014,41,0,0,5439.0,4712.0,3405.0,3676.0,3791.428571428572,3667.5,3517.1
1,2014-10-09,4654,1,1,0,0,4,0,9,10,2014,41,0,0,4944.0,5400.0,2462.0,3377.0,3684.857142857143,3824.071428571429,3559.6666666666665
1,2014-10-10,4396,1,1,0,0,5,0,10,10,2014,41,0,0,4654.0,0.0,3518.0,3275.0,4312.857142857143,3886.785714285714,3597.0333333333333
1,2014-10-11,4743,0,1,0,0,6,0,11,10,2014,41,0,0,4396.0,5355.0,3914.0,3392.0,4225.428571428572,3946.0,3642.0666666666666
1,2014-10-12,0,0,0,0,0,7,0,12,10,2014,41,0,0,4743.0,0.0,0.0,3906.0,4225.428571428572,3946.0,3511.866666666667
1,2014-10-13,4033,0,1,0,0,1,0,13,10,2014,42,0,0,0.0,5402.0,5280.0,4270.0,4029.857142857143,3856.928571428572,3503.9666666666667
1,2014-10-14,3681,0,1,0,0,2,0,14,10,2014,42,0,0,4033.0,5439.0,4919.0,0.0,3778.714285714286,3768.5,3626.6666666666665
1,2014-10-15,3775,0,1,0,0,3,0,15,10,2014,42,0,0,3681.0,4944.0,4712.0,4611.0,3611.714285714286,3701.571428571429,3598.8
1,2014-10-16,3430,0,1,0,0,4,0,16,10,2014,42,0,0,3775.0,4654.0,5400.0,4381.0,3436.8571428571427,3560.8571428571427,3567.1
1,2014-10-17,3720,0,1,0,0,5,0,17,10,2014,42,0,0,3430.0,4396.0,0.0,4383.0,3340.285714285714,3826.571428571429,3545.0
1,2014-10-18,4169,0,1,0,0,6,0,18,10,2014,42,0,0,3720.0,4743.0,5355.0,3740.0,3258.285714285714,3741.857142857143,3559.3
1,2014-10-19,0,0,0,0,0,7,0,19,10,2014,42,0,0,4169.0,0.0,0.0,4128.0,3258.285714285714,3741.857142857143,3421.7
1,2014-10-20,4652,1,1,0,1,1,0,20,10,2014,43,0,0,0.0,4033.0,5402.0,3911.0,3346.714285714286,3688.285714285714,3446.4
1,2014-10-21,4678,1,1,0,1,2,0,21,10,2014,43,0,0,4652.0,3681.0,5439.0,0.0,3489.1428571428573,3633.928571428572,3602.333333333333
1,2014-10-22,4868,1,1,0,1,3,0,22,10,2014,43,0,0,4678.0,3775.0,4944.0,3982.0,3645.285714285714,3628.5,3631.866666666667
1,2014-10-23,4466,1,1,0,1,4,0,23,10,2014,43,0,0,4868.0,3430.0,4654.0,3407.0,3793.285714285714,3615.071428571429,3667.1666666666665
1,2014-10-24,4196,1,1,0,1,5,0,24,10,2014,43,0,0,4466.0,3720.0,4396.0,3405.0,3861.285714285714,3600.785714285714,3693.533333333333
1,2014-10-25,4596,0,1,0,1,6,0,25,10,2014,43,0,0,4196.0,4169.0,4743.0,2462.0,3922.285714285714,3590.285714285714,3764.6666666666665
1,2014-10-26,0,0,0,0,1,7,0,26,10,2014,43,0,0,4596.0,0.0,0.0,3518.0,3922.285714285714,3590.285714285714,3647.4
1,2014-10-27,4260,0,1,0,1,1,0,27,10,2014,44,0,0,0.0,4652.0,4033.0,3914.0,3866.285714285714,3606.5,3658.933333333333
1,2014-10-28,3364,0,1,0,1,2,0,28,10,2014,44,0,0,4260.0,4678.0,3681.0,0.0,3678.571428571429,3583.8571428571427,3771.0666666666666
1,2014-10-29,3761,0,1,0,1,3,0,29,10,2014,44,0,0,3364.0,4868.0,3775.0,5280.0,3520.428571428572,3582.8571428571427,3720.433333333333
1,2014-10-30,4042,0,1,0,1,4,0,30,10,2014,44,0,0,3761.0,4466.0,3430.0,4919.0,3459.8571428571427,3626.571428571429,3691.2
1,2014-10-31,4161,0,1,0,1,5,0,31,10,2014,44,0,0,4042.0,4196.0,3720.0,4712.0,3454.8571428571427,3658.071428571429,3672.8333333333335
1,2014-11-01,6532,0,1,0,0,6,0,1,11,2014,44,1,0,4161.0,4596.0,4169.0,5400.0,3731.428571428572,3826.857142857143,3710.5666666666666
1,2014-11-02,0,0,0,0,0,7,0,2,11,2014,44,1,0,6532.0,0.0,0.0,0.0,3731.428571428572,3826.857142857143,3710.5666666666666
1,2014-11-03,5857,1,1,0,0,1,0,3,11,2014,45,1,0,0.0,4260.0,4652.0,5355.0,3959.571428571429,3912.928571428572,3727.3
1,2014-11-04,5253,1,1,0,0,2,0,4,11,2014,45,1,0,5857.0,3364.0,4678.0,0.0,4229.428571428572,3954.0,3902.4
1,2014-11-05,4838,1,1,0,0,3,0,5,11,2014,45,1,0,5253.0,3761.0,4868.0,5402.0,4383.285714285715,3951.857142857143,3883.6
1,2014-11-06,4785,1,1,0,0,4,0,6,11,2014,45,1,0,4838.0,4042.0,4466.0,5439.0,4489.428571428572,3974.642857142857,3861.8
1,2014-11-07,5220,1,1,0,0,5,0,7,11,2014,45,1,0,4785.0,4161.0,4196.0,4944.0,4640.714285714285,4047.785714285714,3871.0
1,2014-11-08,4720,0,1,0,0,6,0,8,11,2014,45,1,0,5220.0,6532.0,4596.0,4654.0,4381.857142857143,4056.642857142857,3873.2
1,2014-11-09,0,0,0,0,0,7,0,9,11,2014,45,1,0,4720.0,0.0,0.0,4396.0,4381.857142857143,4056.642857142857,3726.6666666666665
1,2014-11-10,5474,1,1,0,0,1,0,10,11,2014,46,1,0,0.0,5857.0,4260.0,4743.0,4327.142857142857,4143.357142857143,3751.033333333333
1,2014-11-11,4479,1,1,0,0,2,0,11,11,2014,46,1,0,5474.0,5253.0,3364.0,0.0,4216.571428571428,4223.0,3900.3333333333335
1,2014-11-12,4677,1,1,0,0,3,0,12,11,2014,46,1,0,4479.0,4838.0,3761.0,4033.0,4193.571428571428,4288.428571428572,3921.8
1,2014-11-13,3869,1,1,0,0,4,0,13,11,2014,46,1,0,4677.0,4785.0,4042.0,3681.0,4062.714285714286,4276.071428571428,3928.0666666666666
1,2014-11-14,5334,1,1,0,0,5,0,14,11,2014,46,1,0,3869.0,5220.0,4161.0,3775.0,4079.0,4359.857142857143,3980.033333333333
1,2014-11-15,4967,0,1,0,0,6,0,15,11,2014,46,1,0,5334.0,4720.0,6532.0,3430.0,4114.285714285715,4248.071428571428,4031.266666666667
1,2014-11-16,0,0,0,0,0,7,0,16,11,2014,46,1,0,4967.0,0.0,0.0,3720.0,4114.285714285715,4248.071428571428,3907.266666666667
1,2014-11-17,3582,0,1,0,0,1,0,17,11,2014,47,1,0,0.0,5474.0,5857.0,4169.0,3844.0,4085.571428571429,3887.7
1,2014-11-18,3890,0,1,0,0,2,0,18,11,2014,47,1,0,3582.0,4479.0,5253.0,0.0,3759.857142857143,3988.214285714286,4017.366666666667
1,2014-11-19,3894,0,1,0,0,3,0,19,11,2014,47,1,0,3890.0,4677.0,4838.0,4652.0,3648.0,3920.785714285714,3992.1
1,2014-11-20,4963,0,1,0,0,4,0,20,11,2014,47,1,0,3894.0,3869.0,4785.0,4678.0,3804.285714285714,3933.5,4001.6
1,2014-11-21,4594,0,1,0,0,5,0,21,11,2014,47,1,0,4963.0,5334.0,5220.0,4868.0,3698.571428571429,3888.785714285714,3992.4666666666662
1,2014-11-22,5849,0,1,0,0,6,0,22,11,2014,47,1,0,4594.0,4967.0,4720.0,4466.0,3824.571428571429,3969.428571428572,4038.5666666666666
1,2014-11-23,0,0,0,0,0,7,0,23,11,2014,47,1,0,5849.0,0.0,0.0,4196.0,3824.571428571429,3969.428571428572,3898.7
1,2014-11-24,6527,1,1,0,0,1,0,24,11,2014,48,1,0,0.0,3582.0,5474.0,4596.0,4245.285714285715,4044.642857142857,3963.0666666666666
1,2014-11-25,5815,1,1,0,0,2,0,25,11,2014,48,1,0,6527.0,3890.0,4479.0,0.0,4520.285714285715,4140.071428571428,4156.9
1,2014-11-26,5328,1,1,0,0,3,0,26,11,2014,48,1,0,5815.0,3894.0,4677.0,4260.0,4725.142857142857,4186.571428571428,4192.5
1,2014-11-27,6144,1,1,0,0,4,0,27,11,2014,48,1,0,5328.0,4963.0,3869.0,3364.0,4893.857142857143,4349.071428571428,4285.166666666667
1,2014-11-28,7195,1,1,0,0,5,0,28,11,2014,48,1,0,6144.0,4594.0,5334.0,3761.0,5265.428571428572,4482.0,4399.633333333333
1,2014-11-29,7066,0,1,0,0,6,0,29,11,2014,48,1,0,7195.0,5849.0,4967.0,4042.0,5439.285714285715,4631.928571428572,4500.433333333333
1,2014-11-30,0,0,0,0,0,7,0,30,11,2014,48,1,0,7066.0,0.0,0.0,4161.0,5439.285714285715,4631.928571428572,4361.733333333334
1,2014-12-01,7380,1,1,0,0,1,0,1,12,2014,49,0,1,0.0,6527.0,3582.0,6532.0,5561.142857142857,4903.214285714285,4390.0
1,2014-12-02,6467,1,1,0,0,2,0,2,12,2014,49,0,1,7380.0,5815.0,3890.0,0.0,5654.285714285715,5087.285714285715,4605.566666666667
1,2014-12-03,6454,1,1,0,0,3,0,3,12,2014,49,0,1,6467.0,5328.0,3894.0,5857.0,5815.142857142857,5270.142857142857,4625.466666666666
1,2014-12-04,7016,1,1,0,0,4,0,4,12,2014,49,0,1,6454.0,6144.0,4963.0,5253.0,5939.714285714285,5416.785714285715,4684.233333333334
1,2014-12-05,6207,1,1,0,0,5,0,5,12,2014,49,0,1,7016.0,7195.0,4594.0,4838.0,5798.571428571428,5532.0,4729.866666666667
1,2014-12-06,6185,0,1,0,0,6,0,6,12,2014,49,0,1,6207.0,7066.0,5849.0,4785.0,5672.714285714285,5556.0,4776.533333333334
1,2014-12-07,0,0,0,0,0,7,0,7,12,2014,49,0,1,6185.0,0.0,0.0,5220.0,5672.714285714285,5556.0,4602.533333333334
1,2014-12-08,4884,0,1,0,0,1,0,8,12,2014,50,0,1,0.0,7380.0,6527.0,4720.0,5316.142857142857,5438.642857142857,4608.0
1,2014-12-09,4345,0,1,0,0,2,0,9,12,2014,50,0,1,4884.0,6467.0,5815.0,0.0,5013.0,5333.642857142857,4752.833333333333
1,2014-12-10,4915,0,1,0,0,3,0,10,12,2014,50,0,1,4345.0,6454.0,5328.0,5474.0,4793.142857142857,5304.142857142857,4734.2
1,2014-12-11,5060,0,1,0,0,4,0,11,12,2014,50,0,1,4915.0,7016.0,6144.0,4479.0,4513.714285714285,5226.714285714285,4753.566666666667
1,2014-12-12,5269,0,1,0,0,5,0,12,12,2014,50,0,1,5060.0,6207.0,7195.0,4677.0,4379.714285714285,5089.142857142857,4773.3
1,2014-12-13,7263,0,1,0,0,6,0,13,12,2014,50,0,1,5269.0,6185.0,7066.0,3869.0,4533.714285714285,5103.214285714285,4886.433333333333
1,2014-12-14,0,0,0,0,0,7,0,14,12,2014,50,0,1,7263.0,0.0,0.0,5334.0,4533.714285714285,5103.214285714285,4708.633333333333
1,2014-12-15,8069,1,1,0,0,1,0,15,12,2014,51,0,1,0.0,4884.0,7380.0,4967.0,4988.714285714285,5152.428571428572,4812.033333333334
1,2014-12-16,7739,1,1,0,0,2,0,16,12,2014,51,0,1,8069.0,4345.0,6467.0,0.0,5473.571428571428,5243.285714285715,5070.0
1,2014-12-17,7523,1,1,0,0,3,0,17,12,2014,51,0,1,7739.0,4915.0,6454.0,3582.0,5846.142857142857,5319.642857142857,5201.366666666667
1,2014-12-18,7785,1,1,0,0,4,0,18,12,2014,51,0,1,7523.0,5060.0,7016.0,3890.0,6235.428571428572,5374.571428571428,5331.2
1,2014-12-19,7558,1,1,0,0,5,0,19,12,2014,51,0,1,7785.0,5269.0,6207.0,3894.0,6562.428571428572,5471.071428571428,5453.333333333333
1,2014-12-20,8367,0,1,0,0,6,0,20,12,2014,51,0,1,7558.0,7263.0,6185.0,4963.0,6720.142857142857,5626.928571428572,5566.8
1,2014-12-21,0,0,0,0,0,7,0,21,12,2014,51,0,1,8367.0,0.0,0.0,4594.0,6720.142857142857,5626.928571428572,5413.666666666667
1,2014-12-22,9331,0,1,0,1,1,0,22,12,2014,52,0,1,0.0,8069.0,4884.0,5849.0,6900.428571428572,5944.571428571428,5529.733333333334
1,2014-12-23,7959,0,1,0,1,2,0,23,12,2014,52,0,1,9331.0,7739.0,4345.0,0.0,6931.857142857143,6202.714285714285,5795.033333333334
1,2014-12-24,3659,0,1,0,1,3,0,24,12,2014,52,0,1,7959.0,7523.0,4915.0,6527.0,6379.857142857143,6113.0,5699.433333333333
1,2014-12-25,0,0,0,c,1,4,1,25,12,2014,52,0,1,3659.0,7785.0,5060.0,5815.0,5267.714285714285,5751.571428571428,5505.6
1,2014-12-26,0,0,0,c,1,5,1,26,12,2014,52,0,1,0.0,7558.0,5269.0,5328.0,4188.0,5375.214285714285,5328.0
1,2014-12-27,6057,0,1,0,1,6,0,27,12,2014,52,0,1,0.0,8367.0,7263.0,6144.0,3858.0,5289.071428571428,5325.1
1,2014-12-28,0,0,0,0,1,7,0,28,12,2014,52,0,1,6057.0,0.0,0.0,7195.0,3858.0,5289.071428571428,5085.266666666666
1,2014-12-29,6463,0,1,0,1,1,0,29,12,2014,1,0,1,0.0,9331.0,8069.0,7066.0,3448.285714285714,5174.357142857143,5065.166666666667
1,2014-12-30,6466,0,1,0,1,2,0,30,12,2014,1,0,1,6463.0,7959.0,7739.0,0.0,3235.0,5083.428571428572,5280.7
1,2014-12-31,2605,0,1,0,1,3,0,31,12,2014,1,0,1,6466.0,3659.0,7523.0,7380.0,3084.428571428572,4732.142857142857,5121.533333333334
1,2015-01-01,0,0,0,a,1,4,1,1,1,2015,1,0,0,2605.0,0.0,7785.0,6467.0,3084.428571428572,4176.071428571428,4905.966666666666
1,2015-01-02,5509,0,1,0,1,5,0,2,1,2015,1,0,0,0.0,0.0,7558.0,6454.0,3871.428571428572,4029.714285714286,4874.466666666666
1,2015-01-03,5023,0,1,0,1,6,0,3,1,2015,1,0,0,5509.0,6057.0,8367.0,7016.0,3723.714285714286,3790.857142857143,4808.033333333334
1,2015-01-04,0,0,0,0,1,7,0,4,1,2015,1,0,0,5023.0,0.0,0.0,6207.0,3723.714285714286,3790.857142857143,4601.133333333333
1,2015-01-05,6239,1,1,0,1,1,0,5,1,2015,2,0,0,0.0,6463.0,9331.0,6185.0,3691.714285714286,3570.0,4602.933333333333
1,2015-01-06,4574,1,1,0,1,2,0,6,1,2015,2,0,0,6239.0,6466.0,7959.0,0.0,3421.428571428572,3328.214285714286,4755.4
1,2015-01-07,4796,1,1,0,1,3,0,7,1,2015,2,0,0,4574.0,2605.0,3659.0,4884.0,3734.428571428572,3409.428571428572,4752.466666666666
1,2015-01-08,3716,1,1,0,1,4,0,8,1,2015,2,0,0,4796.0,0.0,0.0,4345.0,4265.285714285715,3674.857142857143,4731.5
1,2015-01-09,3998,1,1,0,1,5,0,9,1,2015,2,0,0,3716.0,5509.0,0.0,4915.0,4049.428571428572,3960.428571428572,4700.933333333333
1,2015-01-10,4599,0,1,0,0,6,0,10,1,2015,2,0,0,3998.0,5023.0,6057.0,5060.0,3988.857142857143,3856.285714285714,4685.566666666667
1,2015-01-11,0,0,0,0,0,7,0,11,1,2015,2,0,0,4599.0,0.0,0.0,5269.0,3988.857142857143,3856.285714285714,4509.933333333333
1,2015-01-12,5346,1,1,0,0,1,0,12,1,2015,3,0,0,0.0,6239.0,6463.0,7263.0,3861.285714285714,3776.5,4446.033333333334
1,2015-01-13,4924,1,1,0,0,2,0,13,1,2015,3,0,0,5346.0,4574.0,6466.0,0.0,3911.285714285714,3666.357142857143,4610.166666666667
1,2015-01-14,4541,1,1,0,0,3,0,14,1,2015,3,0,0,4924.0,4796.0,2605.0,8069.0,3874.857142857143,3804.642857142857,4492.566666666667
1,2015-01-15,4295,1,1,0,0,4,0,15,1,2015,3,0,0,4541.0,3716.0,0.0,7739.0,3957.571428571429,4111.428571428572,4377.766666666666
1,2015-01-16,4161,1,1,0,0,5,0,16,1,2015,3,0,0,4295.0,3998.0,5509.0,7523.0,3980.857142857143,4015.142857142857,4265.7
1,2015-01-17,5255,0,1,0,0,6,0,17,1,2015,3,0,0,4161.0,4599.0,5023.0,7785.0,4074.571428571429,4031.714285714286,4181.366666666667
1,2015-01-18,0,0,0,0,0,7,0,18,1,2015,3,0,0,5255.0,0.0,0.0,7558.0,4074.571428571429,4031.714285714286,3929.433333333333
1,2015-01-19,3721,0,1,0,0,1,0,19,1,2015,4,0,0,0.0,5346.0,6239.0,8367.0,3842.428571428572,3851.857142857143,3774.5666666666666
1,2015-01-20,3680,0,1,0,0,2,0,20,1,2015,4,0,0,3721.0,4924.0,4574.0,0.0,3664.714285714286,3788.0,3897.233333333333
1,2015-01-21,3299,0,1,0,0,3,0,21,1,2015,4,0,0,3680.0,4541.0,4796.0,9331.0,3487.285714285714,3681.071428571429,3696.1666666666665
1,2015-01-22,3492,0,1,0,0,4,0,22,1,2015,4,0,0,3299.0,4295.0,3716.0,7959.0,3372.5714285714284,3665.071428571429,3547.266666666667
1,2015-01-23,3586,0,1,0,0,5,0,23,1,2015,4,0,0,3492.0,4161.0,3998.0,3659.0,3290.428571428572,3635.642857142857,3544.833333333333
1,2015-01-24,4840,0,1,0,0,6,0,24,1,2015,4,0,0,3586.0,5255.0,4599.0,0.0,3231.1428571428573,3652.857142857143,3706.1666666666665
1,2015-01-25,0,0,0,0,0,7,0,25,1,2015,4,0,0,4840.0,0.0,0.0,0.0,3231.1428571428573,3652.857142857143,3706.1666666666665
1,2015-01-26,4781,1,1,0,0,1,0,26,1,2015,5,0,0,0.0,3721.0,5346.0,6057.0,3382.5714285714284,3612.5,3663.633333333333
1,2015-01-27,4806,1,1,0,0,2,0,27,1,2015,5,0,0,4781.0,3680.0,4924.0,0.0,3543.428571428572,3604.071428571429,3823.8333333333335
1,2015-01-28,4310,1,1,0,0,3,0,28,1,2015,5,0,0,4806.0,3299.0,4541.0,6463.0,3687.857142857143,3587.5714285714284,3752.0666666666666
1,2015-01-29,5171,1,1,0,0,4,0,29,1,2015,5,0,0,4310.0,3492.0,4295.0,6466.0,3927.714285714286,3650.142857142857,3708.9
